,product_code,n_reviews,quality,star_rating,size,comfort
0,IG9777,152,92.4342,4.8,53.9474,81.4145
1,IG2530,352,82.5284,4.3,50.142,79.6165
2,IE4614,167,92.3653,4.8,52.994,88.9222
3,IF3330,446,87.7242,4.4,51.009,82.6794
4,IG4994,32,92.1875,4.8,56.0345,82.7586
5,IF3393,340,82.4265,4.3,50.1471,79.4853
6,G58184,3009,85.9993,4.6,59.4136,79.7727
7,IG4996,32,92.1875,4.8,56.0345,82.7586
8,IF7677,11277,86.5473,4.7,55.7318,80.167
9,IF6581,1,100,5.0,,
10,IE4613,167,92.3653,4.8,52.994,88.9222
11,HR0066,467,90.6852,4.6,50,84.3148
12,HQ6787,373,92.0241,4.7,53.7534,85.2547
13,IF7676,11277,86.5473,4.7,55.7318,80.167
14,IG2682,167,92.3653,4.8,52.994,88.9222
15,ID6933,158,91.2975,4.6,47.6266,83.8608
16,IE3000,11277,86.5473,4.7,55.7318,80.167
17,IG2372,193,81.9948,4.4,56.3472,76.2953
18,ID4430,326,86.7331,4.4,50.6135,83.0521
19,IF8114,152,92.4342,4.8,53.9474,81.4145
20,IG5320,15,68.3333,3.9,53.3333,78.3333
21,IF7615,11277,86.5473,4.7,55.7318,80.167
22,IE7377,17,92.6471,4.6,48.5294,79.4118
23,FZ6396,28,89.2857,4.2,58.9286,79.4643
24,IF2403,236,86.9703,4.3,52.8602,75.4237
25,IG2972,17,92.6471,4.6,48.5294,79.4118
26,IE7198,100,92.25,4.8,46.25,82.75
27,IF7877,371,87.938,4.6,49.0566,86.2534
28,FX4453,42,85.7143,4.4,48.7805,76.8293
29,IG0344,8,100,5.0,53.125,90.625
30,ID2080,91,81.3187,4.3,50.2778,85.8333
31,IG2368,16,85.9375,4.6,42.1875,82.8125
32,ID9600,157,88.8535,4.4,62.7389,86.9427
33,GZ2528,10,67.5,4.2,50,77.5
34,IE4634,3011,85.992,4.6,59.399,79.7695
35,IF2401,73,90.0685,4.8,45.5479,84.9315
36,HQ9115,267,82.6779,4.2,56.7416,76.2172
37,IG2971,17,92.6471,4.6,48.5294,79.4118
38,HP6651,112,88.6161,4.6,54.9107,85.0446
39,ID9676,467,90.6852,4.6,50,84.3148
40,GW4569,133,85.7143,4.7,50.3759,80.6391
41,ID6715,7,82.1429,4.0,53.5714,85.7143
42,GZ2133,267,82.6779,4.2,56.7416,76.2172
43,HQ9918,291,79.811,4.1,68.9003,70.0172
44,GV8920,50,88.5,4.5,46,82.5
45,IG5876,289,93.7716,4.8,51.6436,90.8304
46,IF8170,7,96.4286,5.0,53.5714,92.8571
47,GX9835,6105,90.7002,4.7,54.7288,90.9121
48,IG0310,65,87.3077,4.6,50.7692,84.6154
49,HQ8392,127,71.4567,3.7,49.6063,63.189
50,HP7496,50,88.5,4.5,46,82.5
51,GY4189,267,82.6779,4.2,56.7416,76.2172
52,HQ1049,180,87.6389,4.4,46.7877,79.6089
53,IF6603,134,90.4851,4.6,49.0672,85.4478
54,ID6946,158,91.2975,4.6,47.6266,83.8608
55,GZ9257,5485,86.2443,4.6,52.1176,83.0504
56,GZ9260,5485,86.2443,4.6,52.1176,83.0504
57,IE7657,10,92.5,4.0,70,72.5
58,HQ8600,551,89.8367,4.6,49.4545,85.6364
59,IG0769,7,67.8571,4.7,50,75
60,GW5699,3732,85.966,4.4,59.8243,78.8291
61,GZ3779,8374,83.3114,4.5,44.2718,77.3416
62,GZ2528,10,67.5,4.2,50,77.5
63,ID4280,167,92.3653,4.8,52.994,88.9222
64,IG5877,289,93.7716,4.8,51.6436,90.8304
65,ID1555,145,78.6207,4.0,49.6528,64.4097
66,IG2260,498,92.9719,4.7,47.8414,87.3996
67,FY2782,1131,91.6004,4.8,55.2748,87.8546
68,GY3528,176,88.7784,4.6,46.733,83.9489
69,GZ0039,16,81.25,3.9,35.9375,68.75
70,IE1775,551,89.8367,4.6,49.4545,85.6364
71,HQ1059,2,62.5,4.0,37.5,87.5
72,IF4941,511,87.6712,4.6,46.184,84.589
73,IE9535,722,89.162,4.7,55.3125,87.9861
74,HQ2170,7,96.4286,5.0,53.5714,92.8571
75,HQ9916,298,80.1174,4.1,69.0436,70.0503
76,HQ6347,,,,,
77,GZ0009,41,76.2195,3.8,39.6341,56.0976
78,FV4720,68,85.2941,4.3,54.4118,75.7353
79,HQ9917,298,80.1174,4.1,69.0436,70.0503
80,IG5893,289,93.7716,4.8,51.6436,90.8304
81,IG5268,41,92.0732,4.5,48.7805,79.2683
82,IF6582,1,100,5.0,,
83,IF4942,68,85.2941,4.3,54.4118,75.7353
84,GZ2174,10,95,4.9,42.5,95
85,HP2201,373,92.0241,4.7,53.7534,85.2547
86,HP9929,3,100,5.0,50,41.6667
87,HQ9036,39,94.2308,4.7,51.2821,78.8462
88,GZ9259,5485,86.2443,4.6,52.1176,83.0504
89,IG5467,9,66.6667,3.8,50,77.7778
90,HP9477,551,89.8367,4.6,49.4545,85.6364
91,GZ2171,9,94.4444,4.3,61.1111,86.1111
92,HQ6345,551,89.8367,4.6,49.4545,85.6364
93,HR0277,52,85.5769,4.4,52.4038,77.4038
94,IG3043,11,90.9091,4.7,50,86.3636
95,HP7494,13,84.6154,4.5,57.6923,82.6923
96,ID1747,289,93.7716,4.8,51.6436,90.8304
97,ID9854,142,86.4437,4.5,49.2958,82.2183
98,IG3204,10,92.5,4.0,70,72.5
99,GY1549,19,96.0526,4.7,46.0526,89.4737
100,IG5266,41,92.0732,4.5,48.7805,79.2683
101,IF7610,11281,86.5501,4.7,55.7298,80.1674
102,IF4863,184,87.0924,4.4,45.9239,75.5435
103,IG8337,,,,,
104,IE1776,551,89.8367,4.6,49.4545,85.6364
105,HP7498,50,88.5,4.5,46,82.5
106,HP8706,99,88.1313,4.4,51.0101,77.5253
107,IF2448,100,92.25,4.8,46.25,82.75
108,HQ8599,551,89.8367,4.6,49.4545,85.6364
109,IG7964,551,89.8367,4.6,49.4545,85.6364
110,GV6916,6,87.5,4.3,41.6667,95.8333
111,IG0664,9,91.6667,5.0,52.7778,91.6667
112,HQ4312,8,96.875,4.5,56.25,93.75
113,ID4263,15,68.3333,3.9,53.3333,78.3333
114,HQ5873,2049,90.1659,4.7,50.061,87.3779
115,HP9549,121,94.2149,4.8,50.6198,86.5702
116,HQ6179,,,,,
117,IE1757,551,89.8367,4.6,49.4545,85.6364
118,HQ6785,373,92.0241,4.7,53.7534,85.2547
119,ID6898,7,96.4286,5.0,53.5714,92.8571
120,ID1790,75,94,4.8,53.6667,93.3333
121,IE7022,39,94.2308,4.7,51.2821,78.8462
122,HQ7232,158,91.2975,4.6,47.6266,83.8608
123,GV9427,13,78.8462,3.8,44.2308,63.4615
124,IE8155,1902,89.235,4.7,49.632,86.041
125,GX9271,284,82.5704,4.4,49.4718,84.5951
126,IG0747,551,89.8367,4.6,49.4545,85.6364
127,ID7493,,,,,
128,HQ4404,3011,85.992,4.6,59.399,79.7695
129,HP2815,10,87.5,4.9,50,82.5
130,IE1692,551,89.8367,4.6,49.4545,85.6364
131,HP6880,219,85.1598,4.5,48.0594,81.621
132,IF9905,65,87.3077,4.6,50.7692,84.6154
133,IG5336,77,88.961,4.5,50.3247,82.4675
134,HQ6713,32,84.375,4.3,43.75,76.5625
135,HP7648,284,82.5704,4.4,49.4718,84.5951
136,GX6670,1586,91.9294,4.7,50.5549,89.0932
137,IE9325,1,100,5.0,50,100
138,GY9904,467,90.6852,4.6,50,84.3148
139,HQ9119,8,96.875,4.5,56.25,93.75
140,IG2374,193,81.9948,4.4,56.3472,76.2953
141,ID9675,467,90.6852,4.6,50,84.3148
142,HQ4245,115,82.6087,4.1,49.1304,72.1739
143,ID4122,11,90.9091,4.7,50,86.3636
144,ID4122,11,90.9091,4.7,50,86.3636
145,HQ1443,1,100,5.0,50,100
146,IE6631,38,78.9474,4.4,51.9737,75.6579
147,H03662,11,86.3636,4.4,43.1818,86.3636
148,ID6928,158,91.2975,4.6,47.6266,83.8608
149,IE7689,32,91.4062,4.8,47.6562,74.2188
150,HP3012,3739,85.9722,4.4,59.8059,78.8487
151,GX2613,49,95.4082,4.8,47.449,89.2857
152,IF3197,22,90.9091,4.6,51.1364,85.2273
153,HP5972,193,81.9948,4.4,56.3472,76.2953
154,HP5970,193,81.9948,4.4,56.3472,76.2953
155,HQ6041,14,96.4286,4.9,53.5714,89.2857
156,IG5892,289,93.7716,4.8,51.6436,90.8304
157,GX9265,284,82.5704,4.4,49.4718,84.5951
158,IG5058,4174,89.746,4.7,49.6937,83.9359
159,GW9473,3739,85.9722,4.4,59.8059,78.8487
160,ID7494,,,,,
161,GZ9840,3,83.3333,3.3,58.3333,91.6667
162,GZ4655,5,100,5.0,70,75
163,HQ8775,212,89.8585,4.7,50.3538,85.3774
164,GX2022,8,96.875,4.5,56.25,93.75
165,IF5282,545,89.633,4.7,48.8073,88.0275
166,IG5878,289,93.7716,4.8,51.6436,90.8304
167,IG5890,289,93.7716,4.8,51.6436,90.8304
168,IF5274,89,62.6404,3.6,45.5056,59.2697
169,HP5974,193,81.9948,4.4,56.3472,76.2953
170,ID9584,157,88.8535,4.4,62.7389,86.9427
171,IG5880,294,93.7075,4.8,51.3605,90.5612
172,IG5887,289,93.7716,4.8,51.6436,90.8304
173,FY4393,1,100,4.0,50,100
174,GZ9593,3739,85.9722,4.4,59.8059,78.8487
175,GW9477,3739,85.9722,4.4,59.8059,78.8487
176,HQ4277,267,82.6779,4.2,56.7416,76.2172
177,HQ1399,24,88.5417,4.5,53.125,89.5833
178,IG5888,294,93.7075,4.8,51.3605,90.5612
179,IG0374,129,88.5659,4.5,60.2713,82.1705
180,IG0804,28,91.9643,4.9,56.25,80.3571
181,ID8473,30,83.3333,4.5,57.5,80.8333
182,ID9777,,,,,
183,ID9559,193,81.9948,4.4,56.3472,76.2953
184,HQ5878,2049,90.1659,4.7,50.061,87.3779
185,HQ5867,2049,90.1659,4.7,50.061,87.3779
186,HQ8598,551,89.8367,4.6,49.4545,85.6364
187,IF4926,13,84.6154,4.5,57.6923,82.6923
188,IF8067,152,92.4342,4.8,53.9474,81.4145
189,IF4850,180,87.6389,4.4,46.7877,79.6089
190,HP9641,28,90.1786,4.7,51.7857,88.3929
191,HP5971,193,81.9948,4.4,56.3472,76.2953
192,HP3213,41,90.2439,4.5,59.1463,89.0244
193,ID1785,75,94,4.8,53.6667,93.3333
194,IE2163,13,84.6154,4.5,57.6923,82.6923
195,IF0043,446,87.7242,4.4,51.009,82.6794
196,HP9737,505,93.0198,4.7,47.9208,87.3267
197,ID7801,152,92.4342,4.8,53.9474,81.4145
198,HP7646,284,82.5704,4.4,49.4718,84.5951
199,ID9620,73,90.0685,4.7,62.3288,88.3562
200,IE1778,,,,,
201,IF8069,155,92.4194,4.8,53.871,81.6129
202,HP7647,284,82.5704,4.4,49.4718,84.5951
203,GZ4963,,,,,
204,IF8068,155,92.4194,4.8,53.871,81.6129
205,FX7484,11281,86.5501,4.7,55.7298,80.1674
206,HQ4512,89,76.1236,4.4,47.4719,76.4045
207,ID8472,30,83.3333,4.5,57.5,80.8333
208,HP5939,63,86.1111,4.4,56.746,85.7143
209,IE9872,155,92.4194,4.8,53.871,81.6129
210,HQ6039,29,91.3793,4.7,56.0345,87.069
211,IE0251,270,89.9074,4.6,55.1852,83.6111
212,IE5195,155,92.4194,4.8,53.871,81.6129
213,ID9424,193,81.9948,4.4,56.3472,76.2953
214,ID5499,28,89.2857,4.2,58.9286,79.4643
215,GY7425,139,82.9137,4.7,50.1799,76.259
216,ID9422,193,81.9948,4.4,56.3472,76.2953
217,HQ0936,64,87.8906,4.3,69.1406,77.7344
218,IE4893,22,93.1818,4.7,52.2727,93.1818
219,GX4361,11281,86.5501,4.7,55.7298,80.1674
220,IE2430,91,81.3187,4.3,50.2778,85.8333
221,GZ1336,437,92.6201,4.7,48.1693,87.7574
222,HQ7152,39,83.3333,4.6,55.7692,80.7692
223,HP7557,771,87.0623,4.5,53.3074,84.1115
224,HQ6350,551,89.8367,4.6,49.4545,85.6364
225,ID5409,45,91.6667,4.9,53.3333,88.3333
226,G57984,515,91.5049,4.7,52.6751,82.8307
227,HQ1937,11281,86.5501,4.7,55.7298,80.1674
228,IG0647,41,83.5366,4.2,68.2927,81.7073
229,H04269,723,89.1079,4.7,55.3051,87.9681
230,IE7703,161,87.8882,4.5,49.5342,79.0373
231,HQ8915,12,93.75,4.9,54.1667,93.75
232,HQ4313,8,96.875,4.5,56.25,93.75
233,GZ0038,134,85.6343,4.7,50.3731,80.597
234,ID9587,157,88.8535,4.4,62.7389,86.9427
235,HR2034,127,71.4567,3.7,49.6063,63.189
236,IE7351,30,85.8333,4.3,49.1667,69.1667
237,GX5594,1586,91.9294,4.7,50.5549,89.0932
238,IE4633,,,,,
239,HQ6962,226,89.4912,4.6,58.8496,91.2611
240,HQ6962,226,89.4912,4.6,58.8496,91.2611
241,FZ5306,423,84.87,4.7,49.8223,80.5095
242,HP7493,14,82.1429,4.4,60.7143,80.3571
243,GZ9582,45,91.6667,4.9,53.3333,88.3333
244,IE1890,45,91.6667,4.9,53.3333,88.3333
245,HP7649,284,82.5704,4.4,49.4718,84.5951
246,GW0907,71,88.7324,4.7,52.4648,89.7887
247,IG5891,294,93.7075,4.8,51.3605,90.5612
248,FY9817,1425,85.1053,4.6,48.8053,82.8707
249,ID1788,75,94,4.8,53.6667,93.3333
250,S29146,511,87.6712,4.6,46.184,84.589
251,IF7876,372,87.9704,4.6,49.0591,86.0887
252,IF3201,27,89.8148,4.7,44.4444,84.2593
253,GX0709,699,84.4778,4.4,43.9828,76.0387
254,FW2779,236,86.9703,4.3,52.8602,75.4237
255,HR2034,127,71.4567,3.7,49.6063,63.189
256,GW0590,427,89.7541,4.6,54.6362,80.6338
257,ID4658,155,92.4194,4.8,53.871,81.6129
258,HQ6667,17,76.4706,3.8,55.8824,61.7647
259,GY7381,64,80.0781,4.5,52.7344,76.5625
260,IE7704,161,87.8882,4.5,49.5342,79.0373
261,GY7416,76,80.2632,4.4,52.6316,75.6579
262,IF8185,75,94,4.8,53.6667,93.3333
263,HQ9884,11,95.4545,4.5,59.0909,84.0909
264,ID9601,157,88.8535,4.4,62.7389,86.9427
265,HQ4468,,,,,
266,ID9664,468,90.6517,4.6,50,84.3483
267,GZ6939,176,88.7784,4.6,46.733,83.9489
268,IF4827,171,83.3333,4.2,48.8304,73.3918
269,ID1566,10,70,3.9,50,80
270,IE0235,30,85.8333,4.3,49.1667,69.1667
271,IG0645,41,83.5366,4.2,68.2927,81.7073
272,GV9091,34,89.7059,4.7,54.4118,78.6765
273,FY0402,1902,87.1057,4.5,48.4876,82.404
274,Q46252,245,89.3878,4.7,51.3265,85.6122
275,HP5571,5,85,4.0,60,75
276,GX4487,8,96.875,4.5,56.25,93.75
277,IE7416,515,91.5049,4.7,52.6751,82.8307
278,FY0404,1902,87.1057,4.5,48.4876,82.404
279,IF7616,11281,86.5501,4.7,55.7298,80.1674
280,IE9320,18,86.1111,4.4,48.6111,80.5556
281,GW2050,206,83.2524,4.0,71.966,73.4223
282,IG2396,14,87.5,4.6,57.1429,91.0714
283,ID9423,193,81.9948,4.4,56.3472,76.2953
284,HQ4278,267,82.6779,4.2,56.7416,76.2172
285,IF7438,42,85.7143,4.4,48.7805,76.8293
286,HQ9116,267,82.6779,4.2,56.7416,76.2172
287,IE9285,77,88.961,4.5,50.3247,82.4675
288,IG2395,11,95.4545,4.5,59.0909,84.0909
289,IE9430,40,87.5,4.7,50,81.25
290,GW4575,163,88.0368,4.7,51.9939,81.7485
291,IF4929,50,88.5,4.5,46,82.5
292,IE9307,44,80.1136,4.4,51.7045,80.1136
293,IF7437,42,85.7143,4.4,48.7805,76.8293
294,H04753,2763,85.0253,4.5,48.7028,83.3454
295,ID9853,372,87.9704,4.6,49.0591,86.0887
296,GX5592,1586,91.9294,4.7,50.5549,89.0932
297,GZ5892,11556,88.7829,4.7,51.9711,89.5862
298,IG3200,10,92.5,4.0,70,72.5
299,FZ6583,11281,86.5501,4.7,55.7298,80.1674
300,HP5272,88,78.4091,4.2,45.7386,71.5909
301,IG2262,,,,,
302,IF2740,22,81.8182,4.5,53.4091,77.2727
303,GV9394,12,91.6667,4.6,47.9167,93.75
304,GW3898,202,92.698,4.7,53.8557,87.5622
305,IE7023,39,94.2308,4.7,51.2821,78.8462
306,ID5411,44,92.0455,4.9,52.8409,88.6364
307,HP3144,157,88.8535,4.4,62.7389,86.9427
308,ID4266,17,75,4.3,42.6471,67.6471
309,HP3231,12,91.6667,4.6,47.9167,93.75
310,IE7702,161,87.8882,4.5,49.5342,79.0373
311,ID1541,4,68.75,3.8,43.75,62.5
312,HP5986,138,84.6014,4.5,50.9058,79.1667
313,GX2614,49,95.4082,4.8,47.449,89.2857
314,HR1235,43,80.814,4.0,44.186,70.9302
315,IE9884,270,89.9074,4.6,55.1852,83.6111
316,IE9319,18,86.1111,4.4,48.6111,80.5556
317,GZ3313,14,82.1429,4.4,60.7143,80.3571
318,IG0646,41,83.5366,4.2,68.2927,81.7073
319,IF2773,177,89.548,4.7,50,84.322
320,GX6848,202,85.7673,4.5,52.8465,84.1584
321,IG0248,16,85.9375,4.6,42.1875,82.8125
322,IF0433,8,90.625,4.5,59.375,87.5
323,ID1890,54,96.2963,4.7,43.5185,86.1111
324,IG0145,3,100,4.7,50,100
325,HP9779,11281,86.5501,4.7,55.7298,80.1674
326,FZ6563,65,78.8462,4.4,53.4615,76.1538
327,GY9045,93,84.6774,4.6,46.5054,77.4194
328,GW0906,71,88.7324,4.7,52.4648,89.7887
329,IG5358,9,100,4.4,55.5556,88.8889
330,EE9071,29,74.1379,4.1,39.6552,67.2414
331,IF8188,193,81.9948,4.4,56.3472,76.2953
332,HQ2102,6,95.8333,3.8,29.1667,66.6667
333,EE8948,20,83.75,4.6,32.5,70
334,HQ3565,13,84.6154,4.3,44.2308,80.7692
335,IF3250,8,90.625,4.5,59.375,87.5
336,GZ9699,14,96.4286,4.9,53.5714,89.2857
337,ID4121,26,88.4615,4.4,63.4615,75.9615
338,GX6417,14,83.9286,4.2,55.3571,76.7857
339,IG0670,15,76.6667,4.4,51.6667,86.6667
340,GZ2176,10,95,4.9,42.5,95
341,ID6738,4,87.5,5.0,50,87.5
342,HQ3483,42,85.7143,4.4,48.7805,76.8293
343,IE9338,3,83.3333,4.7,50,83.3333
344,HQ6605,8,96.875,4.5,56.25,93.75
345,GZ5920,8378,83.3164,4.5,44.2715,77.3495
346,FZ5685,75,94,4.8,53.6667,93.3333
347,IG5470,511,87.6712,4.6,46.184,84.589
348,HQ6606,8,96.875,4.5,56.25,93.75
349,ID6993,85,82.9412,4.2,52.9412,77.3529
350,HQ2123,9,86.1111,4.7,52.7778,80.5556
351,IE7018,15,73.3333,4.1,33.3333,70
352,HQ2124,9,86.1111,4.7,52.7778,80.5556
353,GY5260,958,92.9019,4.8,49.8423,90.3523
354,IE1685,44,90.9091,4.8,52.2727,77.8409
355,HQ2107,5,100,5.0,70,75
356,IE4206,7,96.4286,5.0,50,96.4286
357,GX6657,192,81.25,4.2,53.2552,75.1302
358,GW4365,211,83.5308,4.0,72.0379,73.4597
359,IE9304,45,80.5556,4.4,51.6667,80
360,HQ4516,76,80.2632,4.4,52.6316,75.6579
361,HQ6032,4,93.75,4.3,81.25,75
362,GX3944,22,92.0455,4.6,53.4091,82.9545
363,GZ0035,134,85.6343,4.7,50.3731,80.597
364,IG0375,129,88.5659,4.5,60.2713,82.1705
365,IE9358,148,89.1892,4.7,52.1959,84.2905
366,H01174,63,91.2698,4.6,56.8548,88.3065
367,IE9487,41,87.8049,4.2,43.9024,72.561
368,HQ3564,13,84.6154,4.3,44.2308,80.7692
369,HQ4302,20,83.75,4.0,55,83.75
370,IG0782,4,87.5,4.8,43.75,87.5
371,HQ1232,129,88.5659,4.5,60.2713,82.1705
372,IE4749,3751,85.9837,4.4,59.8012,78.8297
373,IE7024,39,94.2308,4.7,51.2821,78.8462
374,IG3389,18,88.8889,4.7,70.8333,84.7222
375,ID9443,158,88.9241,4.4,62.9747,87.0253
376,HQ6031,4,93.75,4.3,81.25,75
377,IE7701,164,87.8049,4.5,49.6951,79.1159
378,H03190,1,100,5.0,50,100
379,IE9287,77,88.961,4.5,50.3247,82.4675
380,IF7372,10618,85.0584,4.5,41.3277,76.6034
381,IE9533,723,89.1079,4.7,55.3051,87.9681
382,FW3264,1425,85.1053,4.6,48.8053,82.8707
383,GW9095,176,88.7784,4.6,46.733,83.9489
384,GZ2606,25,86,4.7,55,82
385,HP6885,7,71.4286,4.3,53.5714,96.4286
386,IG9517,16,75,4.0,45.3125,67.1875
387,IE2436,211,83.5308,4.0,72.0379,73.4597
388,HP9932,3,83.3333,3.3,58.3333,91.6667
389,GX4285,2564,88.7968,4.5,42.3272,84.6544
390,GV7971,63,81.746,4.4,52.7778,76.5873
391,IG5927,34,88.2353,4.4,50,83.0882
392,IE9214,2,75,4.0,50,62.5
393,HR1163,7,82.1429,3.9,32.1429,67.8571
394,H05108,692,91.2572,4.7,53.7373,82.3295
395,HP7417,146,78.5959,4.0,49.8276,64.1379
396,FZ6424,5,20,1.8,60,45
397,IE7700,164,87.8049,4.5,49.6951,79.1159
398,FW4204,1,75,5.0,50,100
399,GW2181,12,95.8333,4.9,56.25,95.8333
400,IG2441,41,90.2439,4.5,59.1463,89.0244
401,HQ4303,20,83.75,4.0,55,83.75
402,IG0146,3,100,4.7,50,100
403,GY1321,3751,85.9837,4.4,59.8012,78.8297
404,IG0811,63,86.1111,4.6,55.1587,82.1429
405,GZ0687,50,88.5,4.5,46,82.5
406,IG7375,364,82.967,4.3,50.0687,79.8764
407,IE9416,168,89.2857,4.6,53.2738,84.6726
408,GV9068,36,86.1111,4.6,53.4722,90.2778
409,GZ2604,25,86,4.7,55,82
410,ID1965,,,,,
411,FW2856,3,91.6667,3.7,25,75
412,HQ8954,958,92.9019,4.8,49.8423,90.3523
413,ID8379,157,92.5159,4.8,53.8217,81.8471
414,HQ3556,54,88.8889,4.3,41.2037,80.5556
415,GW2119,28,88.3929,4.3,47.3214,83.0357
416,HQ9118,9,97.2222,4.6,58.3333,94.4444
417,HQ6708,565,85.1327,4.4,47.8242,74.3339
418,ID9632,468,90.6517,4.6,50,84.3483
419,ID9585,158,88.9241,4.4,62.9747,87.0253
420,H04755,2764,85.0308,4.5,48.7033,83.3515
421,GZ5050,106,87.5,4.6,42.9245,78.066
422,IE9339,3,83.3333,4.7,50,83.3333
423,FY4387,9,83.3333,4.2,44.4444,80.5556
424,HR1142,1,100,5.0,50,100
425,FX4449,6,95.8333,3.8,29.1667,66.6667
426,HQ4465,,,,,
427,GZ3281,67,90.2985,4.4,51.8657,88.4328
428,ID9610,2,100,5.0,50,100
429,IE9310,1,100,5.0,50,75
430,H03616,11561,88.7856,4.7,51.9702,89.5908
431,H04756,2764,85.0308,4.5,48.7033,83.3515
432,ID9610,2,100,5.0,50,100
433,IE9310,1,100,5.0,50,75
434,H03616,11561,88.7856,4.7,51.9702,89.5908
435,H04756,2764,85.0308,4.5,48.7033,83.3515
436,HP6846,118,89.4068,4.6,47.2458,76.9068
437,HP5993,3,100,5.0,50,100
438,HP5273,88,78.4091,4.2,45.7386,71.5909
439,HP6179,5,85,4.0,60,75
440,FW2874,6,83.3333,3.5,25,37.5
441,IF7365,172,86.4826,4.2,70.2035,86.4826
442,IE2347,120,84.375,4.4,54.7917,78.5417
443,IG0648,42,83.3333,4.1,68.4524,79.7619
444,H00984,9,83.3333,4.2,44.4444,80.5556
445,GV9063,264,91.7614,4.7,52.5568,85.6061
446,GW5682,3751,85.9837,4.4,59.8012,78.8297
447,HQ8636,41,90.2439,4.5,59.1463,89.0244
448,HQ4275,269,82.2491,4.2,56.6914,75.9294
449,HQ3692,109,64.9083,3.7,51.6055,71.1009
450,IE7589,39,94.2308,4.7,51.2821,78.8462
451,FW4206,4,68.75,4.3,56.25,100
452,HQ8914,14,92.8571,4.9,55.3571,92.8571
453,HQ1238,25,82,4.3,51,74
454,HQ9019,29,91.3793,4.7,56.0345,87.069
455,H00985,9,83.3333,4.2,44.4444,80.5556
456,HQ6716,15,73.3333,4.1,33.3333,70
457,,43,,4.6,,
458,,51,,4.4,,
459,,51,,4.4,,
460,H00986,9,83.3333,4.2,44.4444,80.5556
461,FU7531,8,96.875,4.5,53.125,81.25
462,GX6632,264,91.7614,4.7,52.5568,85.6061
463,IG0772,7,89.2857,4.4,42.8571,78.5714
464,IE7021,32,84.375,4.3,43.75,76.5625
465,HR1940,5,90,4.0,40,75
466,FV4744,41,84.7561,4.3,36.5854,59.1463
467,ID5410,45,91.6667,4.9,53.3333,88.3333
468,IE9862,10,92.5,5.0,52.5,85
469,HP5941,63,86.1111,4.4,56.746,85.7143
470,GW9647,11561,88.7856,4.7,51.9702,89.5908
471,GW7061,17,94.1176,4.9,52.9412,89.7059
472,GV9062,109,64.9083,3.7,51.6055,71.1009
473,HP5967,194,82.0876,4.4,56.3144,76.4175
474,EG4618,129,88.5659,4.5,60.2713,82.1705
475,GZ3311,14,82.1429,4.4,60.7143,80.3571
476,HP2772,51,91.1765,4.4,48.5294,75.9804
477,GY9990,54,76.3889,4.0,46.7593,56.9444
478,HP5968,194,82.0876,4.4,56.3144,76.4175
479,HQ1045,199,87.8141,4.5,44.0955,77.3869
480,HQ8577,220,87.6136,4.6,52.5,84.4318
481,IF8183,172,86.4826,4.2,70.2035,86.4826
482,GX4206,1105,87.5792,4.6,54.5867,86.1035
483,GW9096,176,88.7784,4.6,46.733,83.9489
484,HP5969,194,82.0876,4.4,56.3144,76.4175
485,IF2153,14,89.2857,4.4,50,85.7143
486,IE7063,,,,,
487,GV9765,67,90.2985,4.4,51.8657,88.4328
488,HR1938,5,90,4.0,40,75
489,IE4894,13,78.8462,4.3,51.9231,76.9231
490,IG0436,168,89.2857,4.6,53.2738,84.6726
491,HP3324,84,95.5357,4.8,52.381,90.7738
492,HP5980,194,82.0876,4.4,56.3144,76.4175
493,GZ0008,41,76.2195,3.8,39.6341,56.0976
494,ID2412,158,88.9241,4.4,62.9747,87.0253
495,HQ8404,91,81.3187,4.3,50.2778,85.8333
496,H03661,11,86.3636,4.4,43.1818,86.3636
497,IF5173,12,95.8333,4.9,56.25,95.8333
498,HR1136,10,85,4.2,52.5,77.5
499,GY1700,69,89.8551,4.7,54.7101,85.5072
500,HP6846,118,89.4068,4.6,47.2458,76.9068
501,HQ2074,351,88.604,4.5,44.5157,79.8433
502,GY2555,33,93.1818,4.7,53.0303,80.303
503,ID7189,483,86.853,4.4,46.5321,76.0352
504,HR1152,7,82.1429,3.9,32.1429,67.8571
505,HQ8390,38,90.7895,4.6,46.0526,83.5526
506,EG1758,10618,85.0584,4.5,41.3277,76.6034
507,EF1883,214,84.229,4.5,58.1776,74.6495
508,GY5597,565,85.1327,4.4,47.8242,74.3339
509,GW4571,135,85,4.6,50.1852,80.1852
510,GY7377,90,76.3889,4.4,47.5,76.6667
511,HQ9928,6124,85.5288,4.6,45.5188,79.1073
512,IG0781,10,85,4.5,47.5,70
513,HQ9018,29,91.3793,4.7,56.0345,87.069
514,HP6555,263,78.9924,4.0,42.3954,62.2624
515,GV7979,63,81.746,4.4,52.7778,76.5873
516,GY8406,192,81.25,4.2,53.2552,75.1302
517,HR1147,51,90.6863,4.4,52.9412,70.098
518,IE1534,3,100,4.7,50,100
519,FX1804,83,83.4337,4.5,47.8659,81.7073
520,GV9764,67,90.2985,4.4,51.8657,88.4328
521,GW4572,134,85.6343,4.7,50.3731,80.597
522,GV9434,25,85,4.5,48,84
523,HQ6709,565,85.1327,4.4,47.8242,74.3339
524,GV9735,11561,88.7856,4.7,51.9702,89.5908
525,EE8935,108,81.713,4.4,33.7963,72.6852
526,IF7611,11282,86.5514,4.7,55.727,80.1694
527,GW4570,134,85.6343,4.7,50.3731,80.597
528,IF7611,11282,86.5514,4.7,55.727,80.1694
529,GW4570,134,85.6343,4.7,50.3731,80.597
530,IE9333,3,66.6667,3.3,58.3333,66.6667
531,IE7354,610,90.2049,4.6,62.0082,88.5656
532,FY4397,7,82.1429,4.3,39.2857,78.5714
533,IG5869,295,93.7288,4.8,51.3559,90.5932
534,H02347,7,82.1429,4.3,39.2857,78.5714
535,GV6917,6,87.5,4.3,41.6667,95.8333
536,ID6929,158,91.2975,4.6,47.6266,83.8608
537,GY5986,11282,86.5514,4.7,55.727,80.1694
538,IE1666,44,90.9091,4.8,52.2727,77.8409
539,HQ1077,325,78.3846,4.3,45.7692,69.7692
540,GX6422,15,95,4.7,53.3333,95
541,IF4806,351,88.604,4.5,44.5157,79.8433
542,HQ1338,158,91.2975,4.6,47.6266,83.8608
543,IG0676,75,94,4.8,53.6667,93.3333
544,ID7560,71,85.5634,4.5,50,72.5352
545,ID9590,158,88.9241,4.4,62.9747,87.0253
546,GZ5888,4903,89.3841,4.7,49.5501,85.4346
547,GX1813,226,89.4912,4.6,58.8496,91.2611
548,IE7097,610,90.2049,4.6,62.0082,88.5656
549,ID9337,118,80.7203,4.4,43.6441,65.0424
550,FZ6116,193,79.1451,4.2,40.0259,64.7668
551,H00947,2764,85.0308,4.5,48.7033,83.3515
552,IF7629,609,91.6667,4.7,51.3158,89.5559
553,ID1889,54,96.2963,4.7,43.5185,86.1111
554,IF2772,177,89.548,4.7,50,84.322
555,IF0041,451,87.7494,4.5,50.9424,82.6497
556,IF0227,43,83.7209,4.1,69.186,77.907
557,IF0006,45,80.5556,4.4,51.6667,80
558,HQ4304,20,83.75,4.0,55,83.75
559,IG0649,43,83.7209,4.1,69.186,77.907
560,IE9488,41,87.8049,4.2,43.9024,72.561
561,GZ0688,50,88.5,4.5,46,82.5
562,IG7076,51,91.1765,4.4,48.5294,75.9804
563,GW6265,91,81.3187,4.3,50.2778,85.8333
564,FZ6107,180,83.0556,4.5,45.9722,72.3611
565,GY7378,65,78.8462,4.4,53.4615,76.1538
566,GZ2291,3,100,5.0,50,100
567,IF8182,172,86.4826,4.2,70.2035,86.4826
568,IF7714,7,92.8571,4.7,60.7143,89.2857
569,IG0280,291,84.9656,4.5,53.2759,81.2931
570,GY1658,88,90.0568,4.6,53.4091,87.7841
571,GY8313,159,86.3208,4.6,49.3711,82.0755
572,HP5988,138,84.6014,4.5,50.9058,79.1667
573,IG5468,146,78.5959,4.0,49.8276,64.1379
574,IE7284,71,85.5634,4.5,50,72.5352
575,IE9327,3,66.6667,3.3,58.3333,66.6667
576,IE9327,3,66.6667,3.3,58.3333,66.6667
577,GZ0032,163,88.0368,4.7,51.9939,81.7485
578,GV9034,20,92.5,4.7,51.25,81.25
579,GW4302,86,80.814,4.3,45.9302,75.8721
580,IF4870,199,87.8141,4.5,44.0955,77.3869
581,IE9681,144,85.9375,4.5,49.1319,81.7708
582,IE4862,93,88.4409,4.5,50.5376,88.172
583,H03663,14,89.2857,4.4,50,85.7143
584,GZ6196,926,88.9849,4.7,52.3344,87.4593
585,ID4464,8,50,3.0,43.75,40.625
586,ID6992,85,82.9412,4.2,52.9412,77.3529
587,HQ3665,5,90,4.0,40,75
588,HQ1239,25,82,4.3,51,74
589,IG0765,15,88.3333,4.7,45,76.6667
590,GZ6412,6108,90.6966,4.7,54.7224,90.9001
591,ID4291,49,86.7347,4.7,57.6531,85.2041
592,HQ4381,38,85.5263,4.4,56.5789,76.3158
593,GZ9654,203,92.9803,4.7,54.9261,86.6995
594,HQ7022,,,,,
595,GX3122,125,87.2,4.5,56,82.8
596,GX4634,338,91.1243,4.8,52.145,86.7604
597,HQ6346,562,89.8577,4.6,49.4207,85.6952
598,FZ1025,132,91.2879,4.6,50,91.3462
599,IE9332,3,66.6667,3.3,58.3333,66.6667
600,GZ0024,325,78.3846,4.3,45.7692,69.7692
601,GZ9842,3,83.3333,3.3,58.3333,91.6667
602,GX4021,15,95,4.7,53.3333,95
603,HP5400,189,82.5397,4.3,48.6772,78.1746
604,GZ2314,154,87.3377,4.4,54.0584,78.8961
605,GZ9653,203,92.9803,4.7,54.9261,86.6995
606,FU8298,2282,86.4045,4.7,47.8122,83.916
607,GV9663,14,91.0714,4.7,60.7143,83.9286
608,GZ0031,163,88.0368,4.7,51.9939,81.7485
609,HP5987,138,84.6014,4.5,50.9058,79.1667
610,GV9712,11561,88.7856,4.7,51.9702,89.5908
611,GV9530,26,83.6538,4.3,47.1154,72.1154
612,GX4020,15,95,4.7,53.3333,95
613,HP5982,194,82.0876,4.4,56.3144,76.4175
614,GV9073,34,88.9706,4.6,52.9412,83.8235
615,GX9781,52,60.5769,3.6,51.9231,77.8846
616,GW2127,,,,,
617,IG3332,71,85.5634,4.5,50,72.5352
618,HQ1984,427,89.7541,4.6,54.6362,80.6338
619,H02590,732,88.2514,4.5,48.4225,83.9849
620,IF5609,148,89.1892,4.7,52.1959,84.2905
621,EG5634,13,86.5385,4.7,48.0769,80.7692
622,GV9435,25,85,4.5,48,84
623,GZ5893,11561,88.7856,4.7,51.9702,89.5908
624,ID9340,55,81.3636,4.4,51.3636,73.1818
625,F34057,500,84.45,4.6,55.5,76.15
626,HQ8891,114,75.4386,4.1,50,78.2895
627,HP9640,29,90.5172,4.7,51.7241,88.7931
628,IE9306,45,80.5556,4.4,51.6667,80
629,HP5985,138,84.6014,4.5,50.9058,79.1667
630,HP3342,43,80.814,4.0,44.186,70.9302
631,IE9277,12,72.9167,3.9,41.6667,64.5833
632,GY5921,427,89.7541,4.6,54.6362,80.6338
633,HR1182,68,89.3382,4.4,50,86.0294
634,GX9654,351,88.604,4.5,44.5157,79.8433
635,GX9634,10,72.5,3.4,45,60
636,IE1745,562,89.8577,4.6,49.4207,85.6952
637,IE3063,562,89.8577,4.6,49.4207,85.6952
638,HQ8605,3751,85.9837,4.4,59.8012,78.8297
639,HQ4248,,,,,
640,GW9783,,,,,
641,HQ5884,2052,90.1803,4.7,50.0609,87.3964
642,GW9475,3751,85.9837,4.4,59.8012,78.8297
643,IG7378,,,,,
644,IF7816,,,,,
645,GY6177,610,90.2049,4.6,62.0082,88.5656
646,IG5889,,,,,
647,IE7728,,,,,
648,IF8652,451,87.7494,4.5,50.9424,82.6497
649,H04268,723,89.1079,4.7,55.3051,87.9681
650,HR1976,12,83.3333,4.6,70.8333,79.1667
651,IE7062,226,89.4912,4.6,58.8496,91.2611
652,ID2274,776,87.049,4.5,53.2539,84.1173
653,HQ5970,19,57.8947,3.1,57.8947,51.3158
654,HP3143,158,88.9241,4.4,62.9747,87.0253
655,ID2413,75,90.3333,4.7,62.3333,88.3333
656,HR0061,468,90.6517,4.6,50,84.3483
657,HQ6354,,,,,
658,HP9662,,,,,
659,HQ8576,220,87.6136,4.6,52.5,84.4318
660,GZ2564,38,94.0789,4.8,55.2632,86.1842
661,HR1944,,,,,
662,IF5580,364,82.967,4.3,50.0687,79.8764
663,IG8336,3751,85.9837,4.4,59.8012,78.8297
664,IG2263,510,92.9902,4.7,47.8922,87.2059
665,IE9508,610,90.2049,4.6,62.0082,88.5656
666,ID1949,120,84.375,4.4,54.7917,78.5417
667,HP9643,29,90.5172,4.7,51.7241,88.7931
668,ID2271,776,87.049,4.5,53.2539,84.1173
669,IG7379,367,83.0381,4.3,49.9319,79.7003
670,FX5509,,,,,
671,ID1953,120,84.375,4.4,54.7917,78.5417
672,IG7994,37,76.3514,4.2,73.6486,75.6757
673,HP9206,,,,,
674,HQ8459,26,83.6538,4.3,47.1154,72.1154
675,IF8176,144,85.9375,4.5,49.1319,81.7708
676,IE7098,,,,,
677,HQ6045,10,100,4.9,55,90
678,IF2390,75,83,4.5,50.6667,83.6667
679,IE9624,,,,,
680,IF2744,,,,,
681,IE9415,,,,,
682,IE0078,148,89.1892,4.7,52.1959,84.2905
683,IE9612,,,,,
684,GW5694,3751,85.9837,4.4,59.8012,78.8297
685,IG5059,1131,91.6004,4.8,55.2748,87.8546
686,HP2822,3751,85.9837,4.4,59.8012,78.8297
687,GZ4964,3751,85.9837,4.4,59.8012,78.8297
688,IE9534,723,89.1079,4.7,55.3051,87.9681
689,IG7385,367,83.0381,4.3,49.9319,79.7003
690,HP3293,,,,,
691,IG7347,451,87.7494,4.5,50.9424,82.6497
692,ID4268,272,89.9816,4.6,55.239,83.6397
693,ID4428,332,86.6717,4.4,50.3765,82.8313
694,F35550,,,,,
695,IG0494,178,89.6067,4.7,50,84.2697
696,ID9342,55,81.3636,4.4,51.3636,73.1818
697,HP2611,61,86.0656,4.0,75,77.459
698,IF0042,,,,,
699,HQ9841,172,83.4302,4.2,48.6919,73.5465
700,ID4279,11282,86.5514,4.7,55.727,80.1694
701,IG7376,,,,,
702,H03619,6108,90.6966,4.7,54.7224,90.9001
703,HQ1985,427,89.7541,4.6,54.6362,80.6338
704,GZ0004,193,79.1451,4.2,40.0259,64.7668
705,HP6237,2764,85.0308,4.5,48.7033,83.3515
706,HR0634,53,90.0943,4.6,50.4717,85.3774
707,HR1980,41,92.6829,4.6,53.0488,91.4634
708,GW4559,25,86,4.7,55,82
709,IG7993,37,76.3514,4.2,73.6486,75.6757
710,HR1936,7,92.8571,4.6,60.7143,85.7143
711,EG2740,,,,,
712,IE9678,144,85.9375,4.5,49.1319,81.7708
713,IF5183,15,86.6667,4.2,53.3333,78.3333
714,HQ1805,51,86.7647,4.7,47.549,83.8235
715,HP8714,236,86.9703,4.3,52.8602,75.4237
716,IG5934,610,90.2049,4.6,62.0082,88.5656
717,IF7885,374,88.0348,4.6,49.0642,86.1631
718,GV7909,75,93,4.5,55.4795,81.8493
719,HP7555,,,,,
720,ID4445,5,90,4.0,40,75
721,H03780,411,78.9538,4.0,52.9197,73.1752
722,IG5933,610,90.2049,4.6,62.0082,88.5656
723,HQ1687,411,78.9538,4.0,52.9197,73.1752
724,IF8125,18,90.2778,4.7,48.6111,77.7778
725,IG7348,450,87.7778,4.5,50.9444,82.7222
726,GY1657,88,90.0568,4.6,53.4091,87.7841
727,HQ8984,129,78.876,4.3,46.8992,74.8062
728,GV9392,12,91.6667,4.6,47.9167,93.75
729,HQ8977,49,81.6327,4.6,50.5102,85.7143
730,IF2771,178,89.6067,4.7,50,84.2697
731,FZ6391,33,93.9394,4.4,70.4545,72.7273
732,IE9278,12,72.9167,3.9,41.6667,64.5833
733,IF7273,374,88.0348,4.6,49.0642,86.1631
734,IF4872,199,87.8141,4.5,44.0955,77.3869
735,IG7344,450,87.7778,4.5,50.9444,82.7222
736,GX8190,45,90.5556,4.7,51.1111,88.3333
737,IE9682,144,85.9375,4.5,49.1319,81.7708
738,GX1840,172,83.4302,4.2,48.6919,73.5465
739,ID1952,121,84.5041,4.4,54.5455,78.3058
740,GZ0019,251,82.2709,4.6,49.1036,79.1833
741,GY2208,951,85.5415,4.6,52.1361,82.7004
742,GY2093,50,90.5,4.6,46.5,87.5
743,HP5399,565,85.1327,4.4,47.8242,74.3339
744,HR0085,548,89.6442,4.7,48.8139,88.0018
745,HQ4426,692,91.2572,4.7,53.7373,82.3295
746,ID9665,,,,,
747,FZ6407,53,92.4528,4.7,51.4151,81.1321
748,IE9542,53,92.4528,4.7,51.4151,81.1321
749,IF3249,125,87.2,4.5,56,82.8
750,HQ6710,565,85.1327,4.4,47.8242,74.3339
751,GZ5925,777,88.2883,4.7,48.9704,84.5882
752,IE7064,228,89.1447,4.6,58.8816,90.8991
753,GX0872,390,86.5385,4.5,58.8689,78.0848
754,FZ6123,,,,,
755,HQ8578,220,87.6136,4.6,52.5,84.4318
756,GZ2293,4,100,5.0,50,100
757,GZ9661,203,92.9803,4.7,54.9261,86.6995
758,IG0767,17,85.2941,4.5,48.5294,73.5294
759,HQ9930,622,87.0177,4.6,50.9244,79.4212
760,HP9824,138,84.6014,4.5,50.9058,79.1667
761,HQ1905,11282,86.5514,4.7,55.727,80.1694
762,HQ7087,61,86.0656,4.0,75,77.459
763,HQ6040,14,87.5,5.0,53.5714,80.3571
764,GZ6741,411,78.9538,4.0,52.9197,73.1752
765,IE9541,11,90.9091,4.7,50,86.3636
766,GW4576,163,88.0368,4.7,51.9939,81.7485
767,IE9727,182,86.1264,4.3,61.9505,82.0055
768,GW4574,163,88.0368,4.7,51.9939,81.7485
769,GW2131,8,100,5.0,53.125,93.75
770,FZ6370,3012,85.9801,4.6,59.3959,79.7512
771,FY9256,166,88.1024,4.5,52.7108,83.7349
772,HQ0954,40,87.5,4.7,50,81.25
773,GW4577,163,88.0368,4.7,51.9939,81.7485
774,IG2394,30,88.3333,4.5,61.6667,79.1667
775,HQ4473,10,90,4.8,57.5,90
776,HQ6953,427,89.7541,4.6,54.6362,80.6338
777,FY8649,1362,85.4442,4.6,50.4056,82.7065
778,H03489,338,91.1243,4.8,52.145,86.7604
779,FU7224,264,88.0682,4.5,43.5606,86.0795
780,HQ4382,38,85.5263,4.4,56.5789,76.3158
781,ID9347,47,86.7021,4.7,50.5319,73.4043
782,H03834,23,88.0435,4.0,41.3043,70.6522
783,HQ6044,15,85,4.7,55,80
784,GW4108,263,78.9924,4.0,42.3954,62.2624
785,GZ0331,296,89.527,4.4,41.4407,73.0508
786,IG0774,20,86.25,4.8,51.25,86.25
787,GY8919,251,89.5418,4.6,44.3227,82.5697
788,IE4351,51,86.7647,4.7,47.549,83.8235
789,GW1029,146,75.3425,4.2,48.7931,72.069
790,EE5599,214,84.229,4.5,58.1776,74.6495
791,HR0728,266,83.8346,4.4,47.2744,76.9737
792,GX4620,761,86.2024,4.3,69.8617,80.7642
793,GW5698,3751,85.9837,4.4,59.8012,78.8297
794,GW8614,7,92.8571,4.6,60.7143,85.7143
795,IE9613,3751,85.9837,4.4,59.8012,78.8297
796,HP6378,,,,,
797,IG2264,510,92.9902,4.7,47.8922,87.2059
798,IG2261,510,92.9902,4.7,47.8922,87.2059
799,IE9627,3751,85.9837,4.4,59.8012,78.8297
800,IE1694,,,,,
801,HQ1401,,,,,
802,FZ6000,,,,,
803,IE9594,,,,,
804,IF7870,373,88.0027,4.6,49.0617,86.126
805,GX4302,,,,,
806,HR0050,89,62.6404,3.6,45.5056,59.2697
807,GZ5897,,,,,
808,HP2823,3751,85.9837,4.4,59.8012,78.8297
809,GX1841,,,,,
810,IE9611,3751,85.9837,4.4,59.8012,78.8297
811,HQ8862,,,,,
812,HP9206,,,,,
813,GW8748,,,,,
814,GW4593,325,78.3846,4.3,45.7692,69.7692
815,IG5342,,,,,
816,HP2480,,,,,
817,FY7939,2434,88.2909,4.7,50.0515,81.5356
818,IE7102,,,,,
819,ID2277,,,,,
820,ID1951,121,84.5041,4.4,54.5455,78.3058
821,IE2300,17,92.6471,4.5,60.2941,83.8235
822,IF7884,374,88.0348,4.6,49.0642,86.1631
823,GZ4964,,,,,
824,IE7101,,,,,
825,IF5478,610,90.2049,4.6,62.0082,88.5656
826,IE4895,25,80,4.2,45,77
827,GW8630,5,90,4.0,40,75
828,IE4345,51,86.7647,4.7,47.549,83.8235
829,ID9685,,,,,
830,IF9940,13,76.9231,4.3,44.2308,71.1538
831,IE9636,610,90.2049,4.6,62.0082,88.5656
832,GX4303,,,,,
833,GZ4904,34,83.0882,4.3,46.3235,76.4706
834,GZ2135,269,82.2491,4.2,56.6914,75.9294
835,FY8154,,,,,
836,IE7255,63,86.1111,4.6,55.1587,82.1429
837,IE9403,166,88.1024,4.5,52.7108,83.7349
838,HQ1714,,,,,
839,IE1689,1926,89.3043,4.7,49.5846,86.1111
840,IE4762,178,92.1348,4.7,50,82.1629
841,HQ9840,291,84.9656,4.5,53.2759,81.2931
842,FZ6400,14,94.6429,4.5,62.5,92.8571
843,HQ5988,7,92.8571,4.6,60.7143,85.7143
844,FZ5999,821,93.9403,4.8,57.1822,91.3814
845,GW4845,,,,,
846,GY2272,,,,,
847,IF5030,166,88.1024,4.5,52.7108,83.7349
848,IG0345,,,,,
849,IE2305,25,93,4.6,54,86
850,IG4782,75,90.3333,4.7,62.3333,88.3333
851,IE2348,121,84.5041,4.4,54.5455,78.3058
852,IG7343,,,,,
853,GZ0003,16,85.9375,4.3,50,65.625
854,IE9618,203,83.4975,4.3,52.9851,74.8756
855,GY7422,93,78.4946,4.5,50.2688,75.2688
856,IE6630,38,78.9474,4.4,51.9737,75.6579
857,IE2312,12,95.8333,5.0,60.4167,95.8333
858,IE9731,182,86.1264,4.3,61.9505,82.0055
859,HP5646,94,88.2979,4.4,51.5957,86.1702
860,GW4605,65,82.3077,4.5,47.6562,73.8281
861,GY6152,37,85.1351,4.3,52.027,80.4054
862,HR0080,2052,90.1803,4.7,50.0609,87.3964
863,HQ9842,17,89.7059,4.6,52.9412,83.8235
864,GZ5928,,,,,
865,G58170,,,,,
866,GV9856,341,71.6276,4.2,49.2604,72.3373
867,HQ8409,20,85,4.5,56.25,83.75
868,GX2612,49,95.4082,4.8,47.449,89.2857
869,GZ5181,,,,,
870,IF4799,351,88.604,4.5,44.5157,79.8433
871,IG9777,161,92.7019,4.8,53.882,81.9876
872,EE8889,404,84.4059,4.6,51.7946,80.6312
873,IG4994,32,92.1875,4.8,56.0345,82.7586
874,HP3130,282,88.2092,4.7,55.9397,86.7021
875,IF4921,257,88.4241,4.6,48.5409,86.7704
876,ID0985,373,92.0241,4.7,53.7534,85.2547
877,IF2921,280,88.2143,4.7,55.9821,86.7857
878,IG4996,32,92.1875,4.8,56.0345,82.7586
879,IF5009,43,93.0233,4.7,51.7442,84.3023
880,HP3131,282,88.2092,4.7,55.9397,86.7021
881,ID9436,282,88.2092,4.7,55.9397,86.7021
882,HP3147,282,88.2092,4.7,55.9397,86.7021
883,IF4947,404,84.4059,4.6,51.7946,80.6312
884,ID4226,78,90.0641,4.3,49.359,81.4103
885,HQ6787,373,92.0241,4.7,53.7534,85.2547
886,HQ6343,1914,89.2764,4.7,49.6082,86.0893
887,IF4919,175,91.1429,4.8,51.1429,89.4286
888,FW2823,195,85.3846,4.6,48.3333,81.4103
889,IF6528,52,91.8269,4.8,53.3654,82.6923
890,IG2372,194,82.0876,4.4,56.3144,76.4175
891,IE7199,235,89.0426,4.8,51.7094,80.3419
892,FZ5621,265,88.9623,4.7,55.283,85.283
893,GZ9848,7,96.4286,4.6,57.1429,75
894,IF8114,161,92.7019,4.8,53.882,81.9876
895,ID0986,373,92.0241,4.7,53.7534,85.2547
896,IF3906,153,91.3399,4.6,51.9608,88.7255
897,IE7202,235,89.0426,4.8,51.7094,80.3419
898,HQ7231,106,87.2642,4.5,47.8774,80.6604
899,IE0574,199,90.9548,4.7,47.4874,85.1759
900,IE7176,258,90.407,4.8,50.4845,81.8798
901,IG5461,,,,,
902,ID9682,2052,90.1803,4.7,50.0609,87.3964
903,FZ6396,29,89.6552,4.2,58.6207,79.3103
904,ID9666,2052,90.1803,4.7,50.0609,87.3964
905,HQ3790,1209,85.9595,4.7,51.3441,86.0629
906,IF2587,7,85.7143,4.4,64.2857,78.5714
907,FZ6294,579,91.7962,4.8,52.5563,82.5823
908,HP2204,72,82.9861,4.5,49.3056,77.7778
909,HQ8399,258,88.469,4.6,48.4496,86.8217
910,FZ6445,202,88.8614,4.5,46.9059,81.6832
911,IE7198,100,92.25,4.8,46.25,82.75
912,ID1746,2052,90.1803,4.7,50.0609,87.3964
913,GY5124,404,84.4059,4.6,51.7946,80.6312
914,IF3902,153,91.3399,4.6,51.9608,88.7255
915,GW2233,30,85.8333,4.1,63.3333,64.1667
916,GY9808,434,84.6198,4.0,46.2209,73.7791
917,HP5778,613,86.3785,4.5,50.938,83.6052
918,GW2007,579,91.7962,4.8,52.5563,82.5823
919,HQ8397,258,88.469,4.6,48.4496,86.8217
920,IF7427,195,85.3846,4.6,48.3333,81.4103
921,IF4015,6,79.1667,4.7,50,79.1667
922,HP9832,1175,82.5957,4.4,51.2979,76.617
923,GZ2528,10,67.5,4.2,50,77.5
924,IF4948,404,84.4059,4.6,51.7946,80.6312
925,ID9599,282,88.2092,4.7,55.9397,86.7021
926,ID6902,99,86.8687,4.6,51.7677,81.3131
927,HQ8395,258,88.469,4.6,48.4496,86.8217
928,IG5460,57,92.5439,4.7,55.2632,91.6667
929,IE7634,1101,88.3969,4.5,49.5686,79.6094
930,GW5632,5510,86.2477,4.6,52.1125,83.0638
931,GW4569,135,85,4.6,50.1852,80.1852
932,IF2408,1101,88.3969,4.5,49.5686,79.6094
933,HR1310,1101,88.3969,4.5,49.5686,79.6094
934,HQ9918,301,79.8173,4.1,68.9369,69.9336
935,IE2025,88,80.9659,4.3,50.2841,73.0114
936,HR1749,12,85.4167,4.7,45.8333,77.0833
937,IG5876,295,93.7288,4.8,51.3559,90.5932
938,IF7425,195,85.3846,4.6,48.3333,81.4103
939,GX9835,6108,90.6966,4.7,54.7224,90.9001
940,HP9721,100,87,4.6,51.75,80.75
941,GZ4581,44,88.0682,4.8,50.5682,88.0682
942,IF4012,6,79.1667,4.7,50,79.1667
943,IE9377,43,84.8837,4.5,43.0233,75
944,GZ9257,5510,86.2477,4.6,52.1125,83.0638
945,GZ9260,5510,86.2477,4.6,52.1125,83.0638
946,IH0018,34,86.7647,4.2,63.2353,64.7059
947,IG0769,7,67.8571,4.7,50,75
948,GV9786,251,87.1514,4.6,53.1873,89.6414
949,GZ3779,8380,83.3204,4.5,44.2729,77.3489
950,IG4767,48,90.1042,4.4,56.7708,85.4167
951,HQ6747,622,87.0177,4.6,50.9244,79.4212
952,IG5459,57,92.5439,4.7,55.2632,91.6667
953,IG5246,1335,89.0637,4.7,49.0817,81.3531
954,IF3904,153,91.3399,4.6,51.9608,88.7255
955,HQ4322,207,87.4396,4.6,50.8454,83.0918
956,IG5285,434,89.977,4.7,47.3958,83.2176
957,ID1496,104,84.375,4.4,47.3558,80.2885
958,IG5877,295,93.7288,4.8,51.3559,90.5932
959,ID4673,4869,89.3356,4.8,52.4912,82.6488
960,IG2260,510,92.9902,4.7,47.8922,87.2059
961,GY7356,1175,82.5957,4.4,51.2979,76.617
962,GZ0039,16,81.25,3.9,35.9375,68.75
963,HP3288,29,87.931,4.6,49.1379,81.0345
964,IF4941,511,87.6712,4.6,46.184,84.589
965,HP6585,207,87.4396,4.6,50.8454,83.0918
966,IF2414,1915,89.282,4.7,49.6084,86.0966
967,IF2414,1915,89.282,4.7,49.6084,86.0966
968,ID0355,197,90.8629,4.7,47.5888,85.1523
969,HQ9916,305,79.6721,4.1,69.0164,69.7541
970,IG0253,79,90.1899,4.3,49.6835,81.6456
971,GY2534,3,91.6667,5.0,66.6667,100
972,HQ9917,305,79.6721,4.1,69.0164,69.7541
973,GW4179,5,90,4.6,35,95
974,IG5893,295,93.7288,4.8,51.3559,90.5932
975,HP6584,207,87.4396,4.6,50.8454,83.0918
976,IG5268,42,92.2619,4.5,48.8095,79.7619
977,GV6914,72,93.75,4.8,49.6528,91.6667
978,HP9939,12,81.25,4.6,45.8333,79.1667
979,HQ3970,1175,82.5957,4.4,51.2979,76.617
980,HP2201,374,92.0455,4.7,53.7433,85.2273
981,GV9400,434,84.6198,4.0,46.2209,73.7791
982,IG1603,42,84.5238,4.5,52.381,75
983,HQ9036,39,94.2308,4.7,51.2821,78.8462
984,HQ9943,9,97.2222,4.6,58.3333,94.4444
985,HQ2111,22,89.7727,4.5,42.0455,80.6818
986,GZ9259,5510,86.2477,4.6,52.1125,83.0638
987,IF7333,58,87.931,4.5,51.2931,84.9138
988,HQ3365,51,87.2549,4.3,44.1176,75.9804
989,IG3043,11,90.9091,4.7,50,86.3636
990,ID1747,295,93.7288,4.8,51.3559,90.5932
991,GX9249,1027,87.7313,4.6,48.1743,86.9279
992,HP6386,2386,88.2544,4.7,54.979,87.4528
993,IF3336,81,92.9012,4.8,52.4691,85.8025
994,IG5266,43,92.4419,4.6,48.8372,80.2326
995,ID6921,106,87.2642,4.5,47.8774,80.6604
996,GX9247,1027,87.7313,4.6,48.1743,86.9279
997,ID2041,36,91.6667,4.8,52.7778,88.1944
998,HR1308,491,89.1039,4.6,48.2143,85.102
999,HP2176,44,88.0682,4.8,50.5682,88.0682
1000,HQ8398,259,88.5135,4.6,48.4556,86.8726
1001,GX9524,5510,86.2477,4.6,52.1125,83.0638
1002,FZ6439,202,88.8614,4.5,46.9059,81.6832
1003,FW2824,195,85.3846,4.6,48.3333,81.4103
1004,GY2535,3,91.6667,5.0,66.6667,100
1005,IF2448,100,92.25,4.8,46.25,82.75
1006,HP3129,284,88.2923,4.7,55.8979,86.7958
1007,IG5252,2710,88.6034,4.6,47.0937,80.1811
1008,HP3132,285,88.3333,4.7,55.8772,86.8421
1009,IF4923,259,88.5135,4.6,48.4556,86.8726
1010,HQ2104,14,89.2857,4.1,42.8571,83.9286
1011,IG0664,9,91.6667,5.0,52.7778,91.6667
1012,HP5523,81,83.9506,4.3,58.642,69.7531
1013,HP3133,282,88.2092,4.7,55.9397,86.7021
1014,ID1687,,,,,
1015,IF2225,88,80.9659,4.3,50.2841,73.0114
1016,HQ4312,9,97.2222,4.6,58.3333,94.4444
1017,HQ5873,2052,90.1803,4.7,50.0609,87.3964
1018,HQ4324,207,87.4396,4.6,50.8454,83.0918
1019,GY3808,97,79.6392,4.4,52.5773,76.0309
1020,HQ6179,8,93.75,4.9,56.25,87.5
1021,IE7652,57,92.5439,4.7,55.2632,91.6667
1022,HQ6785,374,92.0455,4.7,53.7433,85.2273
1023,ID0360,733,88.6085,4.4,59.9932,76.1937
1024,IE7022,39,94.2308,4.7,51.2821,78.8462
1025,HP9928,7,96.4286,4.6,57.1429,75
1026,GY4488,3,41.6667,2.3,16.6667,41.6667
1027,HQ1231,258,84.1085,4.5,52.1318,75.7752
1028,HQ2105,14,89.2857,4.1,42.8571,83.9286
1029,HR1119,11,95.4545,4.5,47.7273,79.5455
1030,FZ6225,59,85.5932,4.5,52.1186,80.9322
1031,FY2923,3043,87.8327,4.7,50.6575,82.9306
1032,ID8074,19,76.3158,4.1,52.6316,67.1053
1033,IE8155,1929,89.3209,4.7,49.5853,86.1327
1034,GX2085,1178,82.6401,4.4,51.2521,76.528
1035,ID7493,,,,,
1036,HP9940,12,81.25,4.6,45.8333,79.1667
1037,GZ8185,2743,84.4787,4.6,52.3919,84.2284
1038,GX9251,,,,,
1039,HQ1062,141,89.3617,4.6,45.922,82.0922
1040,IG3129,429,85.0233,4.5,52.9206,83.236
1041,HP6880,220,85.1136,4.5,48.0682,81.7045
1042,IG0746,1936,89.3079,4.7,49.5997,86.1312
1043,GW1749,3,91.6667,4.7,50,91.6667
1044,IG5336,77,88.961,4.5,50.3247,82.4675
1045,HQ6713,32,84.375,4.3,43.75,76.5625
1046,IE1768,1936,89.3079,4.7,49.5997,86.1312
1047,ID6923,107,87.3832,4.5,47.8972,80.6075
1048,H03678,18,91.6667,4.6,50,91.6667
1049,ID1724,183,85.3825,4.4,51.5027,77.7322
1050,HP9936,12,81.25,4.6,45.8333,79.1667
1051,FZ6293,580,91.8103,4.8,52.5519,82.6125
1052,H03612,310,91.129,4.7,54.8387,84.2742
1053,HQ9119,9,97.2222,4.6,58.3333,94.4444
1054,IG2374,197,82.1066,4.4,56.8528,76.5228
1055,ID4122,11,90.9091,4.7,50,86.3636
1056,IE9969,36,91.6667,4.8,52.7778,88.1944
1057,HR1312,1105,88.4163,4.5,49.5701,79.6606
1058,GW9088,845,84.4787,4.5,45.4088,79.4135
1059,HQ8384,175,91.1429,4.8,51.1429,89.4286
1060,IF5338,,,,,
1061,HP9941,12,81.25,4.6,45.8333,79.1667
1062,IE6631,39,79.4872,4.4,51.9231,76.2821
1063,GW9089,845,84.4787,4.5,45.4088,79.4135
1064,FW2851,8,71.875,3.6,28.125,56.25
1065,IE2026,88,80.9659,4.3,50.2841,73.0114
1066,IE7689,32,91.4062,4.8,47.6562,74.2188
1067,IE7652,57,92.5439,4.7,55.2632,91.6667
1068,IE7271,625,87.04,4.6,50.96,79.48
1069,HP9705,309,91.1003,4.7,54.6926,84.2233
1070,IF3899,161,90.6832,4.6,51.5528,87.7329
1071,HQ1494,260,90.3846,4.8,50.4808,82.0192
1072,HP5972,197,82.1066,4.4,56.8528,76.5228
1073,IE4523,42,88.6905,4.3,54.7619,75.5952
1074,HP5970,197,82.1066,4.4,56.8528,76.5228
1075,GW9086,845,84.4787,4.5,45.4088,79.4135
1076,IG5892,296,93.6655,4.8,51.3514,90.5405
1077,IG7963,1929,89.3209,4.7,49.5853,86.1327
1078,ID7494,,,,,
1079,HP7631,110,86.1364,4.5,50,86.3636
1080,ID0354,200,91,4.7,47.5,85.25
1081,HQ8775,214,89.6028,4.7,50.3505,84.9299
1082,IF5004,82,84.4512,4.4,52.439,76.2195
1083,GX2022,9,97.2222,4.6,58.3333,94.4444
1084,IF5282,548,89.6442,4.7,48.8139,88.0018
1085,IG5878,296,93.6655,4.8,51.3514,90.5405
1086,IG5890,296,93.6655,4.8,51.3514,90.5405
1087,IE9916,1,100,4.0,100,100
1088,HP5974,197,82.1066,4.4,56.8528,76.5228
1089,IE2027,88,80.9659,4.3,50.2841,73.0114
1090,GZ4659,14,89.2857,4.1,42.8571,83.9286
1091,IF9933,1027,87.7313,4.6,48.1743,86.9279
1092,IG5880,296,93.6655,4.8,51.3514,90.5405
1093,IG5887,296,93.6655,4.8,51.3514,90.5405
1094,HQ1402,1929,89.3209,4.7,49.5853,86.1327
1095,HQ1346,107,87.3832,4.5,47.8972,80.6075
1096,GZ1998,1347,87.899,4.6,53.829,82.8996
1097,FW2832,56,91.0714,4.6,48.6607,82.5893
1098,GX5420,13,86.5385,4.5,48.0769,86.5385
1099,IG5888,296,93.6655,4.8,51.3514,90.5405
1100,IG0804,30,91.6667,4.8,57.5,80.8333
1101,IE7636,85,88.8235,4.6,49.1176,84.1176
1102,ID9559,197,82.1066,4.4,56.8528,76.5228
1103,HP9743,1349,87.8984,4.6,53.8048,82.8879
1104,HQ5878,2057,90.1799,4.7,50.073,87.3906
1105,HQ5867,2057,90.1799,4.7,50.073,87.3906
1106,IF8067,162,92.5926,4.8,53.858,81.9444
1107,IG5253,2710,88.6034,4.6,47.0937,80.1811
1108,HP5971,197,82.1066,4.4,56.8528,76.5228
1109,FZ5815,7,85.7143,4.4,64.2857,78.5714
1110,GX2088,1178,82.6401,4.4,51.2521,76.528
1111,HP5971,197,82.1066,4.4,56.8528,76.5228
1112,FZ5815,7,85.7143,4.4,64.2857,78.5714
1113,GX2088,1178,82.6401,4.4,51.2521,76.528
1114,IF7903,4876,89.3355,4.8,52.4825,82.6377
1115,HP3213,41,90.2439,4.5,59.1463,89.0244
1116,HQ6340,1937,89.3134,4.7,49.5999,86.1384
1117,GV9059,45,77.2222,4.1,46.6667,66.6667
1118,HP7654,919,89.6627,4.6,56.1819,88.7255
1119,GX1551,5510,86.2477,4.6,52.1125,83.0638
1120,HP9737,519,92.7746,4.8,47.9769,87.1387
1121,ID7801,162,92.5926,4.8,53.858,81.9444
1122,GY2549,1,100,5.0,50,100
1123,GY1772,845,84.4787,4.5,45.4088,79.4135
1124,GY2568,2,100,5.0,50,100
1125,ID6939,218,83.4862,4.5,49.0826,76.3761
1126,S23852,17,91.1765,4.6,51.4706,92.6471
1127,FZ5964,1178,82.6401,4.4,51.2521,76.528
1128,GY6056,5510,86.2477,4.6,52.1125,83.0638
1129,IF8069,,,,,
1130,IF8068,,,,,
1131,IF2683,754,87.1021,4.6,51.7573,85.7759
1132,IF3901,161,90.6832,4.6,51.5528,87.7329
1133,HQ4512,91,76.0989,4.4,47.5275,76.3736
1134,S23847,17,91.1765,4.6,51.4706,92.6471
1135,IE9380,43,84.8837,4.5,43.0233,75
1136,IE9872,162,92.5926,4.8,53.858,81.9444
1137,GY3319,173,81.2139,4.2,47.1098,71.9653
1138,HQ1508,2435,88.306,4.7,50.0412,81.5226
1139,HP7664,919,89.6627,4.6,56.1819,88.7255
1140,IE4367,269,84.6654,4.5,48.513,79.9257
1141,IF1041,179,86.7318,4.5,50.1397,88.9665
1142,H06183,34,86.7647,4.2,63.2353,64.7059
1143,HR0063,2057,90.1799,4.7,50.073,87.3906
1144,IE5195,162,92.5926,4.8,53.858,81.9444
1145,ID9424,197,82.1066,4.4,56.8528,76.5228
1146,ID5499,29,89.6552,4.2,58.6207,79.3103
1147,IE9379,43,84.8837,4.5,43.0233,75
1148,H06190,624,87.0593,4.6,50.9215,79.4872
1149,HQ2115,30,82.5,4.4,55,79.1667
1150,IF7915,83,93.0723,4.8,52.4096,85.5422
1151,HR1312,1105,88.4163,4.5,49.5701,79.6606
1152,GY7425,140,83.0357,4.7,50.1786,76.4286
1153,ID9422,197,82.1066,4.4,56.8528,76.5228
1154,HP7820,5510,86.2477,4.6,52.1125,83.0638
1155,IE4893,22,93.1818,4.7,52.2727,93.1818
1156,HP7826,5510,86.2477,4.6,52.1125,83.0638
1157,IG3064,625,87.04,4.6,50.96,79.48
1158,FZ6253,2155,90.3016,4.8,50.2671,81.8509
1159,HP7826,5510,86.2477,4.6,52.1125,83.0638
1160,IG3064,625,87.04,4.6,50.96,79.48
1161,FZ6253,2155,90.3016,4.8,50.2671,81.8509
1162,IG3082,4876,89.3355,4.8,52.4825,82.6377
1163,GZ1336,438,92.4658,4.7,48.1735,87.6712
1164,HR1293,34,83.0882,4.5,49.2647,69.1176
1165,FZ6368,28,99.1071,5.0,48.2143,88.3929
1166,HP5522,81,83.9506,4.3,58.642,69.7531
1167,ID5409,47,92.0213,4.9,53.1915,88.8298
1168,HQ4437,734,88.624,4.4,59.9796,76.1921
1169,GW4708,1349,87.8984,4.6,53.8048,82.8879
1170,GW6933,376,90.0931,4.7,49.5346,81.516
1171,H03615,11,70.4545,4.3,59.0909,70.4545
1172,IE7703,166,87.9518,4.5,49.5482,79.2169
1173,HQ8915,14,92.8571,4.9,55.3571,92.8571
1174,HR1081,22,78.4091,4.1,50,68.1818
1175,GZ5173,687,85.6623,4.5,49.0175,81.8413
1176,HQ4313,9,97.2222,4.6,58.3333,94.4444
1177,GZ0038,135,85,4.6,50.1852,80.1852
1178,IF5005,83,84.6386,4.4,52.4096,76.506
1179,GW5442,195,85.3846,4.6,48.3333,81.4103
1180,ID1562,72,95.1389,4.8,47.9167,92.3611
1181,ID9826,83,93.0723,4.8,52.4096,85.5422
1182,FZ5306,423,84.87,4.7,49.8223,80.5095
1183,GX6310,15,90,4.8,60,81.6667
1184,GZ9582,50,92.5,4.9,52.5,89.5
1185,IE1890,47,92.0213,4.9,53.1915,88.8298
1186,HQ1086,195,85.3846,4.6,48.3333,81.4103
1187,IG5280,434,89.977,4.7,47.3958,83.2176
1188,IG5891,296,93.6655,4.8,51.3514,90.5405
1189,IE4556,188,89.2287,4.5,54.5213,81.7819
1190,HQ1348,107,87.3832,4.5,47.8972,80.6075
1191,S29146,512,87.6465,4.6,46.1914,84.5703
1192,GY2565,4876,89.3355,4.8,52.4825,82.6377
1193,GY9820,179,86.7318,4.5,50.1397,88.9665
1194,ID9438,,,,,
1195,ID4658,162,92.5926,4.8,53.858,81.9444
1196,HQ8917,507,72.6824,4.0,47.6824,69.0828
1197,HQ6667,17,76.4706,3.8,55.8824,61.7647
1198,GW2964,507,72.6824,4.0,47.6824,69.0828
1199,IH0027,202,88.8614,4.5,46.9059,81.6832
1200,FZ6367,28,99.1071,5.0,48.2143,88.3929
1201,IF4867,192,86.3281,4.4,48.3073,79.5573
1202,GY7381,65,78.8462,4.4,53.4615,76.1538
1203,IE7704,166,87.9518,4.5,49.5482,79.2169
1204,FZ1557,34,83.8235,4.5,50.7353,78.6765
1205,GY4544,434,84.6198,4.0,46.2209,73.7791
1206,GY7416,78,80.7692,4.4,52.5641,75.9615
1207,GY1681,22,92.0455,4.6,45.4545,79.5455
1208,HQ1352,107,87.3832,4.5,47.8972,80.6075
1209,IE4557,188,89.2287,4.5,54.5213,81.7819
1210,IF3909,161,90.6832,4.6,51.5528,87.7329
1211,GX3133,23,93.4783,4.9,54.3478,80.4348
1212,HP6736,183,85.3825,4.4,51.5027,77.7322
1213,HQ4130,1633,84.3693,4.6,52.6566,83.9527
1214,GV9091,35,90,4.7,54.2857,78.5714
1215,ID5743,52,91.8269,4.8,53.3654,82.6923
1216,Q46252,246,89.4309,4.7,51.3211,85.5691
1217,IE9248,,,,,
1218,GX4487,9,97.2222,4.6,58.3333,94.4444
1219,HP6684,131,85.687,4.5,47.3282,82.2519
1220,IE9320,19,86.8421,4.4,48.6842,81.5789
1221,ID9423,197,82.1066,4.4,56.8528,76.5228
1222,FZ2615,12,87.5,4.3,43.75,81.25
1223,HP9926,7,96.4286,4.6,57.1429,75
1224,IE9285,77,88.961,4.5,50.3247,82.4675
1225,HP6683,131,85.687,4.5,47.3282,82.2519
1226,GW2123,16,85.9375,4.6,50,81.25
1227,HQ8955,114,75.4386,4.1,50,78.2895
1228,IG6311,259,90.3475,4.8,50.4826,81.9498
1229,GY2340,23,93.4783,4.9,54.3478,80.4348
1230,ID1497,104,84.375,4.4,47.3558,80.2885
1231,GV7247,434,84.6198,4.0,46.2209,73.7791
1232,IE9430,40,87.5,4.7,50,81.25
1233,GW4575,163,88.0368,4.7,51.9939,81.7485
1234,IE9307,45,80.5556,4.4,51.6667,80
1235,FZ6204,401,91.2718,4.8,48.6908,85.7855
1236,HQ6438,107,91.8224,4.7,47.4299,87.6168
1237,GZ5892,11562,88.7909,4.7,51.9722,89.596
1238,IG2262,519,92.7746,4.8,47.9769,87.1387
1239,IF6569,6,79.1667,4.7,50,79.1667
1240,IE7023,39,94.2308,4.7,51.2821,78.8462
1241,ID5411,48,92.1875,4.9,52.6042,89.0625
1242,HP6139,142,79.7535,4.2,48.9437,76.5845
1243,GZ3499,33,81.8182,4.2,47.6562,74.2188
1244,IG5272,415,88.6145,4.6,47.2155,80.9927
1245,IF5273,240,80.625,4.2,48.125,74.6875
1246,GY8947,42,84.5238,4.5,52.381,75
1247,IE7702,166,87.9518,4.5,49.5482,79.2169
1248,HP5986,138,84.6014,4.5,50.9058,79.1667
1249,IE9319,19,86.8421,4.4,48.6842,81.5789
1250,IG0368,258,84.1085,4.5,52.1318,75.7752
1251,GZ4628,17,76.4706,3.9,45.5882,63.2353
1252,GX6848,202,85.7673,4.5,52.8465,84.1584
1253,HR1114,77,90.2597,4.5,47.7273,80.1948
1254,HP9927,7,96.4286,4.6,57.1429,75
1255,IF0433,8,90.625,4.5,59.375,87.5
1256,ID1890,54,96.2963,4.7,43.5185,86.1111
1257,ID1780,267,89.0449,4.7,55.2434,85.3933
1258,GW2182,22,92.0455,4.6,45.4545,79.5455
1259,FZ5994,4,93.75,5.0,62.5,93.75
1260,GZ9800,1,100,2.0,50,0
1261,FZ6563,65,78.8462,4.4,53.4615,76.1538
1262,GW4169,3,100,4.0,50,91.6667
1263,GY9045,94,84.8404,4.6,46.8085,77.6596
1264,GZ9849,7,96.4286,4.6,57.1429,75
1265,IG5358,9,100,4.4,55.5556,88.8889
1266,IF3907,161,90.6832,4.6,51.5528,87.7329
1267,FZ5706,733,88.6085,4.4,59.9932,76.1937
1268,IF2376,232,84.5905,4.5,48.9224,81.681
1269,IG4777,50,90.5,4.4,57,85
1270,IF8188,197,82.1066,4.4,56.8528,76.5228
1271,HQ3734,6,100,4.8,70.8333,83.3333
1272,HP9937,12,81.25,4.6,45.8333,79.1667
1273,IF3250,8,90.625,4.5,59.375,87.5
1274,ID4121,27,88.8889,4.4,63.8889,76.8519
1275,HQ2110,23,90.2174,4.5,42.3913,81.5217
1276,IG0670,15,76.6667,4.4,51.6667,86.6667
1277,ID9826,83,93.0723,4.8,52.4096,85.5422
1278,H04251,2655,86.8832,4.7,51.0997,85.5328
1279,ID4781,3,100,5.0,58.3333,100
1280,FW3752,43,73.2558,4.2,46.5116,77.907
1281,FV7827,201,77.4876,4.2,42.6617,69.5274
1282,HQ6605,9,97.2222,4.6,58.3333,94.4444
1283,H02024,28,90.1786,4.4,50,79.6296
1284,GX9534,5510,86.2477,4.6,52.1125,83.0638
1285,IG5237,125,86,4.6,50.2,79.8
1286,HQ2168,4876,89.3355,4.8,52.4825,82.6377
1287,GV9792,444,84.2905,4.5,49.4331,87.6984
1288,GZ5920,8381,83.3224,4.5,44.2736,77.3516
1289,GV9793,444,84.2905,4.5,49.4331,87.6984
1290,HQ3363,29,83.6207,4.2,44.8276,73.2759
1291,IG0367,258,84.1085,4.5,52.1318,75.7752
1292,ID2046,36,91.6667,4.8,52.7778,88.1944
1293,HQ3549,16,78.125,4.2,54.6875,79.6875
1294,FZ5992,3,91.6667,5.0,66.6667,100
1295,HQ4675,90,84.4444,4.5,57.5,80
1296,FZ6208,97,79.6392,4.4,52.5773,76.0309
1297,IG5470,512,87.6465,4.6,46.1914,84.5703
1298,HQ6606,9,97.2222,4.6,58.3333,94.4444
1299,GV6905,18,91.6667,4.6,50,91.6667
1300,EF3010,295,88.2203,4.7,53.7288,84.9153
1301,IE7018,15,73.3333,4.1,33.3333,70
1302,HP5774,615,86.3415,4.5,50.935,83.5366
1303,IE1685,44,90.9091,4.8,52.2727,77.8409
1304,IE4206,7,96.4286,5.0,50,96.4286
1305,GW2217,207,87.4396,4.6,50.8454,83.0918
1306,IG5254,2710,88.6034,4.6,47.0937,80.1811
1307,GW9432,141,89.3617,4.6,45.922,82.0922
1308,IE9378,43,84.8837,4.5,43.0233,75
1309,HQ8385,177,91.2429,4.8,51.1299,89.4068
1310,IE9304,45,80.5556,4.4,51.6667,80
1311,IE2022,88,80.9659,4.3,50.2841,73.0114
1312,FZ5965,1178,82.6401,4.4,51.2521,76.528
1313,HQ9022,27,87.963,4.6,44.4444,80.5556
1314,HQ3563,141,89.3617,4.6,45.922,82.0922
1315,HQ4516,78,80.7692,4.4,52.5641,75.9615
1316,IF5619,177,88.9831,4.7,51.6949,83.8983
1317,IG2476,34,86.7647,4.2,63.2353,64.7059
1318,GZ0035,135,85,4.6,50.1852,80.1852
1319,GW9431,16,78.125,4.2,54.6875,79.6875
1320,GX3126,23,93.4783,4.9,54.3478,80.4348
1321,IE9358,154,89.2857,4.7,51.9481,84.2532
1322,IE9487,41,87.8049,4.2,43.9024,72.561
1323,HP7668,1027,87.7313,4.6,48.1743,86.9279
1324,IG0782,4,87.5,4.8,43.75,87.5
1325,IF4014,6,79.1667,4.7,50,79.1667
1326,GX6646,45,77.2222,4.1,46.6667,66.6667
1327,HQ1085,195,85.3846,4.6,48.3333,81.4103
1328,IE9374,43,84.8837,4.5,43.0233,75
1329,IE7024,39,94.2308,4.7,51.2821,78.8462
1330,FZ6193,401,91.2718,4.8,48.6908,85.7855
1331,HQ1347,107,87.3832,4.5,47.8972,80.6075
1332,FZ6475,4876,89.3355,4.8,52.4825,82.6377
1333,IE7701,166,87.9518,4.5,49.5482,79.2169
1334,HP9542,2,75,4.5,50,75
1335,GZ4580,45,88.3333,4.8,50.5556,88.3333
1336,IG2477,119,88.8655,4.6,47.479,76.8908
1337,IE9287,77,88.961,4.5,50.3247,82.4675
1338,IF7372,10630,85.0659,4.5,41.3375,76.6134
1339,GX5413,177,81.9209,4.3,46.7514,78.1073
1340,IE9917,1,100,4.0,100,100
1341,ID1506,88,83.2386,4.3,44.3182,76.7045
1342,GZ9797,24,86.4583,4.5,52.0833,83.3333
1343,GX1822,83,84.6386,4.4,52.4096,76.506
1344,HP6479,676,87.1672,4.6,47.2633,80.1405
1345,GX2863,177,81.9209,4.3,46.7514,78.1073
1346,GZ2606,25,86,4.7,55,82
1347,HP6885,7,71.4286,4.3,53.5714,96.4286
1348,GX4285,2564,88.7968,4.5,42.3272,84.6544
1349,HQ7114,300,89.25,4.7,53.9167,80.9167
1350,GV8307,17,76.4706,3.9,45.5882,63.2353
1351,IE7700,166,87.9518,4.5,49.5482,79.2169
1352,HQ6438,107,91.8224,4.7,47.4299,87.6168
1353,GY3047,33,81.8182,4.2,47.6562,74.2188
1354,EE9033,53,70.283,3.9,39.1509,61.7925
1355,ID1557,24,88.5417,4.5,42.7083,78.125
1356,GX9250,1027,87.7313,4.6,48.1743,86.9279
1357,IG2441,41,90.2439,4.5,59.1463,89.0244
1358,ID0361,733,88.6085,4.4,59.9932,76.1937
1359,IG0811,63,86.1111,4.6,55.1587,82.1429
1360,HQ1015,40,88.75,4.8,50.625,84.375
1361,IE9416,170,89.2647,4.6,53.3824,84.7059
1362,GV9068,36,86.1111,4.6,53.4722,90.2778
1363,GZ2604,25,86,4.7,55,82
1364,FW2836,12,81.25,4.6,45.8333,79.1667
1365,ID8379,162,92.5926,4.8,53.858,81.9444
1366,ID8387,166,87.9518,4.5,49.5482,79.2169
1367,HQ8585,687,85.6623,4.5,49.0175,81.8413
1368,GW2119,28,88.3929,4.3,47.3214,83.0357
1369,HQ9118,9,97.2222,4.6,58.3333,94.4444
1370,HQ6708,566,85.1148,4.4,47.828,74.3351
1371,IE9375,45,85.5556,4.5,44.4444,76.1111
1372,F34941,500,84.45,4.6,55.5,76.15
1373,FY4178,17,91.1765,4.6,51.4706,92.6471
1374,GZ5050,106,87.5,4.6,42.9245,78.066
1375,EG2370,27,81.4815,4.1,28.7037,69.4444
1376,S23860,34,83.8235,4.5,50.7353,78.6765
1377,S23861,34,83.8235,4.5,50.7353,78.6765
1378,IG5782,188,89.2287,4.5,54.5213,81.7819
1379,ID4593,200,91,4.7,47.5,85.25
1380,H06184,34,86.7647,4.2,63.2353,64.7059
1381,HQ8536,500,84.45,4.6,55.5,76.15
1382,IE9310,1,100,5.0,50,75
1383,H03616,11562,88.7909,4.7,51.9722,89.596
1384,HQ4444,1178,82.6401,4.4,51.2521,76.528
1385,FZ5706,734,88.624,4.4,59.9796,76.1921
1386,GV9585,402,91.2935,4.8,48.694,85.8209
1387,GV9584,402,91.2935,4.8,48.694,85.8209
1388,HP6846,119,89.4958,4.6,47.0588,76.4706
1389,HP5993,4,100,5.0,50,100
1390,IE4217,3,83.3333,3.7,50,75
1391,HP9778,24,86.4583,4.5,52.0833,83.3333
1392,GW6765,403,90.3226,4.6,51.3027,84.7395
1393,IF7528,17,80.8824,4.6,55.8824,76.4706
1394,GV9063,265,91.7925,4.7,52.5472,85.6604
1395,HQ8636,41,90.2439,4.5,59.1463,89.0244
1396,HQ3554,176,85.2273,4.3,49.0057,76.7045
1397,HR0609,42,82.1429,4.4,42.8571,76.7857
1398,IE7589,39,94.2308,4.7,51.2821,78.8462
1399,HQ3554,176,85.2273,4.3,49.0057,76.7045
1400,HR0609,42,82.1429,4.4,42.8571,76.7857
1401,IE7589,39,94.2308,4.7,51.2821,78.8462
1402,IE4559,188,89.2287,4.5,54.5213,81.7819
1403,HQ8914,14,92.8571,4.9,55.3571,92.8571
1404,IE4569,188,89.2287,4.5,54.5213,81.7819
1405,IE9974,429,85.0233,4.5,52.9206,83.236
1406,IG3079,200,91,4.7,47.5,85.25
1407,GX9775,107,87.3832,4.5,47.8972,80.6075
1408,HP6569,1,100,2.0,50,0
1409,GW5443,12,81.25,4.6,45.8333,79.1667
1410,EE9418,308,87.6623,4.7,48.6201,85.5519
1411,HQ6716,15,73.3333,4.1,33.3333,70
1412,H00279,1451,85.8374,4.6,51.4675,86.7749
1413,IG5267,43,92.4419,4.6,48.8372,80.2326
1414,HP3206,51,91.1765,4.4,48.5294,75.9804
1415,IE9374,43,84.8837,4.5,43.0233,75
1416,GW0896,76,83.8816,4.6,50.3289,88.4868
1417,HP3210,51,91.1765,4.4,48.5294,75.9804
1418,GX6632,265,91.7925,4.7,52.5472,85.6604
1419,IG0772,7,89.2857,4.4,42.8571,78.5714
1420,IE7021,32,84.375,4.3,43.75,76.5625
1421,IG4771,50,90.5,4.4,57,85
1422,IG5273,415,88.6145,4.6,47.2155,80.9927
1423,HR1940,5,90,4.0,40,75
1424,FV4744,41,84.7561,4.3,36.5854,59.1463
1425,ID5410,50,92.5,4.9,52.5,89.5
1426,IE9862,10,92.5,5.0,52.5,85
1427,GW9647,11562,88.7909,4.7,51.9722,89.596
1428,GW4170,3,100,4.0,50,91.6667
1429,HP2177,45,88.3333,4.8,50.5556,88.3333
1430,HQ1806,269,84.6654,4.5,48.513,79.9257
1431,HP5967,197,82.1066,4.4,56.8528,76.5228
1432,EE8893,258,84.1085,4.5,52.1318,75.7752
1433,HP2772,51,91.1765,4.4,48.5294,75.9804
1434,GY9990,54,76.3889,4.0,46.7593,56.9444
1435,GX7963,17,76.4706,3.9,45.5882,63.2353
1436,HP5968,197,82.1066,4.4,56.8528,76.5228
1437,HP5775,615,86.3415,4.5,50.935,83.5366
1438,GY2536,13,78.8462,4.3,61.5385,67.3077
1439,FW2822,195,85.3846,4.6,48.3333,81.4103
1440,IF4865,648,89.7762,4.5,47.2093,82.9457
1441,IG2352,197,82.1066,4.4,56.8528,76.5228
1442,IG0770,16,81.25,4.3,46.875,68.75
1443,GZ8887,77,90.2597,4.5,47.7273,80.1948
1444,GZ6916,177,81.9209,4.3,46.7514,78.1073
1445,GZ0028,181,83.011,4.5,45.9945,72.2376
1446,ID7316,12,97.9167,5.0,54.1667,87.5
1447,FZ6221,59,85.5932,4.5,52.1186,80.9322
1448,HQ6830,625,87.04,4.6,50.96,79.48
1449,BC0861,28,81.25,4.0,28.5714,60.7143
1450,GZ9416,1,75,5.0,75,75
1451,GZ9421,1,75,5.0,75,75
1452,HR1122,11,95.4545,4.5,47.7273,79.5455
1453,GZ9417,1,75,5.0,75,75
1454,HQ1444,1,100,5.0,50,100
1455,HR1116,77,90.2597,4.5,47.7273,80.1948
1456,GZ2557,8,90.625,5.0,53.125,90.625
1457,HP5969,197,82.1066,4.4,56.8528,76.5228
1458,IF2153,14,89.2857,4.4,50,85.7143
1459,GX6309,15,90,4.8,60,81.6667
1460,HR1938,5,90,4.0,40,75
1461,IE4894,14,73.2143,4.1,50,73.2143
1462,ID2203,,,,,
1463,FZ5993,4,93.75,5.0,62.5,93.75
1464,IF7530,65,92.6923,4.7,52.6923,81.1538
1465,IG0436,171,89.1813,4.6,53.2164,84.5029
1466,HQ6837,202,88.8614,4.5,46.9059,81.6832
1467,GZ0008,41,76.2195,3.8,39.6341,56.0976
1468,H03661,11,86.3636,4.4,43.1818,86.3636
1469,FZ6497,1178,82.6401,4.4,51.2521,76.528
1470,GV7245,434,84.6198,4.0,46.2209,73.7791
1471,HQ4461,5510,86.2477,4.6,52.1125,83.0638
1472,GW5652,734,88.624,4.4,59.9796,76.1921
1473,IG7328,157,87.5796,4.6,50.7962,84.7134
1474,H06187,34,86.7647,4.2,63.2353,64.7059
1475,IF4839,232,84.5905,4.5,48.9224,81.681
1476,HP9831,1178,82.6401,4.4,51.2521,76.528
1477,GZ9798,43,88.9535,4.3,54.6512,76.1628
1478,HQ2074,351,88.604,4.5,44.5157,79.8433
1479,GY2555,34,91.9118,4.7,52.9412,79.4118
1480,IG5531,202,88.8614,4.5,46.9059,81.6832
1481,GW4171,3,100,4.0,50,91.6667
1482,ID7189,484,86.6736,4.4,46.5909,75.8781
1483,FZ1558,34,83.8235,4.5,50.7353,78.6765
1484,IE8367,30,90.8333,4.8,58.3333,85
1485,IE4216,3,83.3333,3.7,50,75
1486,GV8900,177,91.2429,4.8,51.1299,89.4068
1487,IF2247,188,89.2287,4.5,54.5213,81.7819
1488,EG1758,10630,85.0659,4.5,41.3375,76.6134
1489,FZ6224,59,85.5932,4.5,52.1186,80.9322
1490,EF1883,214,84.229,4.5,58.1776,74.6495
1491,H06258,6,87.5,4.7,54.1667,79.1667
1492,GY5597,566,85.1148,4.4,47.828,74.3351
1493,GW4571,137,85.0365,4.6,49.8175,80.4745
1494,GY7377,91,76.0989,4.4,47.5275,76.3736
1495,HP2179,45,88.3333,4.8,50.5556,88.3333
1496,G57769,120,86.4583,4.4,48.9583,85.8333
1497,HP5980,197,82.1066,4.4,56.8528,76.5228
1498,HR1111,186,86.2903,4.4,49.0591,72.5806
1499,IG0781,10,85,4.5,47.5,70
1500,HQ4203,2057,90.1799,4.7,50.073,87.3906
1501,IE7137,21,86.9048,4.9,50,85.7143
1502,HP6555,263,78.9924,4.0,42.3954,62.2624
1503,FZ6580,9,97.2222,4.6,58.3333,94.4444
1504,ID9686,2057,90.1799,4.7,50.073,87.3906
1505,HQ8396,259,88.5135,4.6,48.4556,86.8726
1506,GZ9801,8,93.75,5.0,50,84.375
1507,GW4572,137,85.0365,4.6,49.8175,80.4745
1508,HP9833,1178,82.6401,4.4,51.2521,76.528
1509,HQ4446,1178,82.6401,4.4,51.2521,76.528
1510,,566,,4.4,,
1511,,104,,4.4,,
1512,,242,,4.6,,
1513,,1362,,4.6,,
1514,,27,,4.6,,
1515,,16,,4.3,,
1516,,11562,,4.7,,
1517,,34,,4.5,,
1518,,166,,4.5,,
1519,,109,,4.4,,
1520,,137,,4.6,,
1521,,2057,,4.7,,
1522,,15,,4.7,,
1523,,284,,4.7,,
1524,,331,,4.5,,
1525,,296,,4.8,,
1526,,177,,4.3,,
1527,,1,,5.0,,
1528,,734,,4.4,,
1529,,177,,4.7,,
1530,,107,,4.5,,
1531,,624,,4.6,,
1532,,50,,4.4,,
1533,FW2849,37,85.1351,4.4,35.8108,62.1622
1534,IE1666,44,90.9091,4.8,52.2727,77.8409
1535,GV9152,110,86.1364,4.5,50,86.3636
1536,HQ1077,326,78.4509,4.3,45.7822,69.862
1537,FZ6444,202,88.8614,4.5,46.9059,81.6832
1538,IF9839,428,84.9883,4.5,52.9274,83.1967
1539,IF4806,351,88.604,4.5,44.5157,79.8433
1540,FZ6292,580,91.8103,4.8,52.5519,82.6125
1541,HQ4450,5510,86.2477,4.6,52.1125,83.0638
1542,ID7958,188,89.2287,4.5,54.5213,81.7819
1543,IE4694,5510,86.2477,4.6,52.1125,83.0638
1544,IE2000,2655,86.8832,4.7,51.0997,85.5328
1545,GY0722,,,,,
1546,H04828,250,80.9,4.4,49.6,83.2
1547,HP3343,1937,89.3134,4.7,49.5999,86.1384
1548,IG0078,166,87.9518,4.5,49.5482,79.2169
1549,IE7474,404,87.005,4.5,52.599,84.5916
1550,HR0071,2057,90.1799,4.7,50.073,87.3906
1551,FW3756,49,80.6122,4.4,48.9796,76.0204
1552,GZ5888,4907,89.3825,4.7,49.5505,85.4209
1553,ID9337,119,80.4622,4.4,43.4874,64.916
1554,GX7962,17,76.4706,3.9,45.5882,63.2353
1555,FZ6116,193,79.1451,4.2,40.0259,64.7668
1556,IF8030,5510,86.2477,4.6,52.1125,83.0638
1557,IF7629,610,91.6803,4.7,51.3136,89.5731
1558,IG9724,38,83.5526,4.6,50,78.2895
1559,ID1889,54,96.2963,4.7,43.5185,86.1111
1560,IF0006,45,80.5556,4.4,51.6667,80
1561,IE9488,41,87.8049,4.2,43.9024,72.561
1562,GW0551,41,93.2927,4.7,52.439,86.5854
1563,GZ2556,8,90.625,5.0,53.125,90.625
1564,IG7076,51,91.1765,4.4,48.5294,75.9804
1565,FZ6107,181,83.011,4.5,45.9945,72.2376
1566,GX3129,23,93.4783,4.9,54.3478,80.4348
1567,GY7378,65,78.8462,4.4,53.4615,76.1538
1568,ID8252,7,78.5714,3.9,42.8571,60.7143
1569,GZ2291,4,100,5.0,50,100
1570,HQ4196,2057,90.1799,4.7,50.073,87.3906
1571,GX5421,13,86.5385,4.5,48.0769,86.5385
1572,GW2554,331,85.0453,4.5,47.9545,83.7121
1573,HP5988,138,84.6014,4.5,50.9058,79.1667
1574,H03740,37,97.973,4.9,52.027,91.8919
1575,GZ0032,163,88.0368,4.7,51.9939,81.7485
1576,GV9034,21,88.0952,4.5,48.8095,77.381
1577,FZ4215,71,85.9155,4.7,48.2394,83.0986
1578,GZ9865,30,82.5,4.4,55,79.1667
1579,GY5214,258,84.1085,4.5,52.1318,75.7752
1580,HP3064,79,78.1646,4.1,48.7342,69.9367
1581,GW4302,86,80.814,4.3,45.9302,75.8721
1582,FZ4217,71,85.9155,4.7,48.2394,83.0986
1583,FZ1560,33,77.2727,4.2,49.2424,78.7879
1584,HQ2109,23,90.2174,4.5,42.3913,81.5217
1585,H00971,71,85.9155,4.7,48.2394,83.0986
1586,H03663,14,89.2857,4.4,50,85.7143
1587,GY7479,2057,90.1799,4.7,50.073,87.3906
1588,GY2537,13,78.8462,4.3,61.5385,67.3077
1589,GZ6196,928,89.0086,4.7,52.3294,87.4865
1590,FZ6278,142,89.7887,4.7,51.7606,84.8592
1591,ID4464,8,50,3.0,43.75,40.625
1592,HQ4622,,,,,
1593,ID2151,,,,,
1594,S29049,86,80.814,4.3,45.9302,75.8721
1595,ID4755,3,100,5.0,58.3333,100
1596,H03182,186,86.2903,4.4,49.0591,72.5806
1597,GW5995,929,85.0108,4.7,47.9504,85.1672
1598,HQ3665,5,90,4.0,40,75
1599,IG0765,15,88.3333,4.7,45,76.6667
1600,GZ6412,6108,90.6966,4.7,54.7224,90.9001
1601,GY5121,295,88.2203,4.7,53.7288,84.9153
1602,HQ5930,69,79.3478,4.2,44.8529,72.4265
1603,GV6905,18,91.6667,4.6,50,91.6667
1604,GX4537,580,91.8103,4.8,52.5519,82.6125
1605,S23882,33,77.2727,4.2,49.2424,78.7879
1606,GX9013,76,83.8816,4.6,50.3289,88.4868
1607,GX4634,338,91.1243,4.8,52.145,86.7604
1608,HR0070,2057,90.1799,4.7,50.073,87.3906
1609,S23853,34,83.8235,4.5,50.7353,78.6765
1610,GW4464,177,88.9831,4.7,51.6949,83.8983
1611,FZ1025,132,91.2879,4.6,50,91.3462
1612,GZ9802,8,93.75,5.0,50,84.375
1613,IE4212,14,87.5,4.9,50,76.7857
1614,GZ0024,326,78.4509,4.3,45.7822,69.862
1615,GX9595,232,88.5776,4.5,50.3233,79.9569
1616,HP5400,189,82.5397,4.3,48.6772,78.1746
1617,IF8029,5526,86.2378,4.6,52.1109,83.0404
1618,HQ4452,5526,86.2378,4.6,52.1109,83.0404
1619,GX5126,67,79.1045,4.4,47.0149,75.3731
1620,GW1798,119,88.8655,4.6,47.479,76.8908
1621,H68593,33,73.4848,3.8,54.5455,81.8182
1622,GV9789,251,87.1514,4.6,53.1873,89.6414
1623,HP5771,615,86.3415,4.5,50.935,83.5366
1624,GY0025,4876,89.3355,4.8,52.4825,82.6377
1625,GW2175,4876,89.3355,4.8,52.4825,82.6377
1626,S23851,17,91.1765,4.6,51.4706,92.6471
1627,FW2853,28,61.6071,3.1,32.1429,47.3214
1628,HQ1970,267,86.8914,4.6,50.8427,79.3071
1629,FU8298,2282,86.4045,4.7,47.8122,83.916
1630,FZ4216,71,85.9155,4.7,48.2394,83.0986
1631,HP2178,45,88.3333,4.8,50.5556,88.3333
1632,FY4442,17,91.1765,4.6,51.4706,92.6471
1633,GZ0031,163,88.0368,4.7,51.9939,81.7485
1634,HQ1449,687,85.6623,4.5,49.0175,81.8413
1635,HP5987,138,84.6014,4.5,50.9058,79.1667
1636,FZ1035,155,92.2581,4.8,49.8387,88.7097
1637,GX2084,1178,82.6401,4.4,51.2521,76.528
1638,GY4690,104,84.375,4.4,47.3558,80.2885
1639,FY9299,20,93.75,4.6,35,83.75
1640,GV9712,11565,88.7916,4.7,51.9717,89.5965
1641,HP7711,13,82.6923,4.5,46.1538,75
1642,HR1160,172,81.9767,4.3,50,81.5407
1643,HP5982,197,82.1066,4.4,56.8528,76.5228
1644,FZ6298,580,91.8103,4.8,52.5519,82.6125
1645,GW4654,734,88.624,4.4,59.9796,76.1921
1646,HQ6342,1938,89.306,4.7,49.613,86.1197
1647,HR1157,172,81.9767,4.3,50,81.5407
1648,H00979,71,85.9155,4.7,48.2394,83.0986
1649,GV9073,35,89.2857,4.6,52.8571,84.2857
1650,GX9781,52,60.5769,3.6,51.9231,77.8846
1651,ID0364,39,85.2564,4.6,42.9487,82.6923
1652,H00978,71,85.9155,4.7,48.2394,83.0986
1653,GY0005,2436,88.3108,4.7,50.0411,81.5302
1654,GZ0682,259,88.5135,4.6,48.4556,86.8726
1655,HQ6991,548,89.6442,4.7,48.8139,88.0018
1656,GZ5175,687,85.6623,4.5,49.0175,81.8413
1657,FZ4220,29,82.7586,4.3,48.2759,81.8966
1658,HR1120,11,95.4545,4.5,47.7273,79.5455
1659,HP2443,48,84.8958,4.5,50,83.8542
1660,IF7983,360,88.1944,4.4,45.1389,76.3889
1661,HP6568,105,88.8095,4.8,50.4762,84.5238
1662,IF5609,154,89.2857,4.7,51.9481,84.2532
1663,IG4773,48,90.1042,4.4,56.7708,85.4167
1664,GY5543,,,,,
1665,GZ5893,11565,88.7916,4.7,51.9717,89.5965
1666,HQ4447,1178,82.6401,4.4,51.2521,76.528
1667,HP2441,48,84.8958,4.5,50,83.8542
1668,IE2769,35,90,4.7,54.2857,78.5714
1669,GX4452,625,87.04,4.6,50.96,79.48
1670,IG9942,1178,82.6401,4.4,51.2521,76.528
1671,HQ7111,300,89.25,4.7,53.9167,80.9167
1672,ID9340,58,81.0345,4.4,50.8621,72.4138
1673,IF7982,360,88.1944,4.4,45.1389,76.3889
1674,F34057,500,84.45,4.6,55.5,76.15
1675,HQ6341,1938,89.306,4.7,49.613,86.1197
1676,HQ8891,114,75.4386,4.1,50,78.2895
1677,GY9853,32,71.875,4.1,67.9688,67.9688
1678,HQ3424,177,88.9831,4.7,51.6949,83.8983
1679,GW4167,48,84.8958,4.5,50,83.8542
1680,HQ3426,177,88.9831,4.7,51.6949,83.8983
1681,GY7358,1178,82.6401,4.4,51.2521,76.528
1682,IE9306,45,80.5556,4.4,51.6667,80
1683,HP5985,138,84.6014,4.5,50.9058,79.1667
1684,GZ9408,105,88.8095,4.8,50.4762,84.5238
1685,GZ9405,105,88.8095,4.8,50.4762,84.5238
1686,GZ3158,434,84.6198,4.0,46.2209,73.7791
1687,IF1138,5,100,5.0,60,95
1688,S23922,20,65,4.1,42.5,57.5
1689,GY9853,32,71.875,4.1,67.9688,67.9688
1690,HP6362,267,86.8914,4.6,50.8427,79.3071
1691,HP3122,676,87.1672,4.6,47.2633,80.1405
1692,HQ1475,615,86.3415,4.5,50.935,83.5366
1693,H06145,2388,88.2642,4.7,54.9749,87.4633
1694,HP6364,267,86.8914,4.6,50.8427,79.3071
1695,GX9654,351,88.604,4.5,44.5157,79.8433
1696,GW4891,434,89.977,4.7,47.3958,83.2176
1697,GW3905,403,90.3226,4.6,51.3027,84.7395
1698,GX8488,76,89.4737,4.6,51.9737,79.6053
1699,FZ5876,5526,86.2378,4.6,52.1109,83.0404
1700,GX9258,1027,87.7313,4.6,48.1743,86.9279
1701,GZ3288,,,,,
1702,HQ5884,2057,90.1799,4.7,50.073,87.3906
1703,IH0019,,,,,
1704,G58108,2097,82.7372,4.7,50.3457,83.7744
1705,IE9376,43,84.8837,4.5,43.0233,75
1706,GZ4306,5526,86.2378,4.6,52.1109,83.0404
1707,IG5889,296,93.6655,4.8,51.3514,90.5405
1708,H06192,,,,,
1709,HR1976,12,83.3333,4.6,70.8333,79.1667
1710,IE1767,1938,89.306,4.7,49.613,86.1197
1711,HQ5970,19,57.8947,3.1,57.8947,51.3158
1712,GZ4307,5526,86.2378,4.6,52.1109,83.0404
1713,GX6773,,,,,
1714,HR1944,,,,,
1715,IG7454,144,84.7222,4.4,61.1111,83.1597
1716,ID9816,,,,,
1717,IG3065,1527,89.4892,4.7,52.395,90.6496
1718,IG2263,,,,,
1719,HR1337,171,89.9123,4.5,50.5848,79.6784
1720,FX5509,155,78.7097,4.4,50.6494,76.7857
1721,GX9220,291,89.2612,4.6,49.6564,86.6838
1722,HQ8583,687,85.6623,4.5,49.0175,81.8413
1723,IE8369,,,,,
1724,HP2183,119,88.8655,4.6,47.479,76.8908
1725,HQ8436,,,,,
1726,IF2375,232,84.5905,4.5,48.9224,81.681
1727,GX4776,1231,87.6726,4.6,49.1673,84.6263
1728,IE9415,171,89.1813,4.6,53.2164,84.5029
1729,HQ4517,429,85.0233,4.5,52.9206,83.236
1730,IE0078,154,89.2857,4.7,51.9481,84.2532
1731,FZ1985,1160,83.8793,4.5,52.3984,81.9576
1732,HQ3694,,,,,
1733,HQ7091,,,,,
1734,HQ8808,331,85.0453,4.5,47.9545,83.7121
1735,HQ8808,331,85.0453,4.5,47.9545,83.7121
1736,FZ5707,733,88.6085,4.4,59.9932,76.1937
1737,GW2176,4876,89.3355,4.8,52.4825,82.6377
1738,HQ8809,,,,,
1739,IE9670,,,,,
1740,F35550,10630,85.0659,4.5,41.3375,76.6134
1741,ID9342,58,81.0345,4.4,50.8621,72.4138
1742,IE2004,2655,86.8832,4.7,51.0997,85.5328
1743,H03619,,,,,
1744,IE0535,,,,,
1745,GZ0004,193,79.1451,4.2,40.0259,64.7668
1746,HQ9023,27,87.963,4.6,44.4444,80.5556
1747,GY6162,,,,,
1748,GW8336,,,,,
1749,HR1980,41,92.6829,4.6,53.0488,91.4634
1750,GW4559,25,86,4.7,55,82
1751,HR1936,7,92.8571,4.6,60.7143,85.7143
1752,EG2740,,,,,
1753,FZ6498,1178,82.6401,4.4,51.2521,76.528
1754,GX6424,76,83.8816,4.6,50.3289,88.4868
1755,IG7453,144,84.7222,4.4,61.1111,83.1597
1756,ID4445,5,90,4.0,40,75
1757,ID2853,,,,,
1758,HP7397,648,89.7762,4.5,47.2093,82.9457
1759,ID2044,36,91.6667,4.8,52.7778,88.1944
1760,GW5534,172,81.9767,4.3,50,81.5407
1761,GY9346,251,88.4462,4.6,51.4113,86.0887
1762,IE4366,270,84.7222,4.5,48.5185,80
1763,HQ8984,130,78.8462,4.3,46.9231,75
1764,ID9435,289,88.3218,4.7,55.9689,86.7647
1765,HQ8977,49,81.6327,4.6,50.5102,85.7143
1766,HQ8596,1938,89.306,4.7,49.613,86.1197
1767,HQ2167,4876,89.3355,4.8,52.4825,82.6377
1768,FZ6391,33,93.9394,4.4,70.4545,72.7273
1769,IE9278,12,72.9167,3.9,41.6667,64.5833
1770,GV9538,148,90.7095,4.6,50.6803,83.5034
1771,HP6565,105,88.8095,4.8,50.4762,84.5238
1772,HP7663,919,89.6627,4.6,56.1819,88.7255
1773,HP7673,1027,87.7313,4.6,48.1743,86.9279
1774,HP3169,,,,,
1775,HP2534,598,89.3395,4.8,51.7977,84.3645
1776,GX9219,291,89.2612,4.6,49.6564,86.6838
1777,FZ6274,261,90.3257,4.8,50.4789,82.0881
1778,GY6934,125,86,4.6,50.2,79.8
1779,HP2285,48,84.8958,4.5,50,83.8542
1780,HP2760,429,85.0233,4.5,52.9206,83.236
1781,GZ0019,251,82.2709,4.6,49.1036,79.1833
1782,ID1505,88,83.2386,4.3,44.3182,76.7045
1783,HP5399,566,85.1148,4.4,47.828,74.3351
1784,HR0085,548,89.6442,4.7,48.8139,88.0018
1785,GX9536,5526,86.2378,4.6,52.1109,83.0404
1786,FZ6407,53,92.4528,4.7,51.4151,81.1321
1787,Q47101,1527,89.4892,4.7,52.395,90.6496
1788,HP9636,65,90.7692,4.7,52.3077,83.4615
1789,IE9542,53,92.4528,4.7,51.4151,81.1321
1790,GW7626,177,81.9209,4.3,46.7514,78.1073
1791,HQ6710,566,85.1148,4.4,47.828,74.3351
1792,GZ5925,777,88.2883,4.7,48.9704,84.5882
1793,GZ9409,105,88.8095,4.8,50.4762,84.5238
1794,FZ6123,,,,,
1795,IF2883,,,,,
1796,IF3402,20,76.25,4.6,47.5,65
1797,GZ1999,1349,87.8984,4.6,53.8048,82.8879
1798,GX9193,13,82.6923,4.5,46.1538,75
1799,FZ4225,29,82.7586,4.3,48.2759,81.8966
1800,GY4706,42,86.9048,4.7,49.4048,80.9524
1801,GZ2293,4,100,5.0,50,100
1802,HP2758,,,,,
1803,FZ6267,261,90.3257,4.8,50.4789,82.0881
1804,IG0767,17,85.2941,4.5,48.5294,73.5294
1805,IG7992,144,84.7222,4.4,61.1111,83.1597
1806,HQ9930,624,87.0593,4.6,50.9215,79.4872
1807,GV6912,72,93.75,4.8,49.6528,91.6667
1808,HP9824,138,84.6014,4.5,50.9058,79.1667
1809,GY1697,148,90.7095,4.6,50.6803,83.5034
1810,GX9527,5526,86.2378,4.6,52.1109,83.0404
1811,ID9767,5526,86.2378,4.6,52.1109,83.0404
1812,ID9433,289,88.3218,4.7,55.9689,86.7647
1813,HP3269,97,91.2371,4.6,44.8454,85.8247
1814,IE9541,11,90.9091,4.7,50,86.3636
1815,HQ8595,1937,89.3134,4.7,49.5999,86.1384
1816,GW4576,163,88.0368,4.7,51.9939,81.7485
1817,FZ6302,236,89.089,4.8,51.5957,80.4255
1818,GW4574,163,88.0368,4.7,51.9939,81.7485
1819,HP6368,425,90.7059,4.7,49.4706,88.2941
1820,IG0247,625,87.04,4.6,50.96,79.48
1821,GW2131,8,100,5.0,53.125,93.75
1822,FV9356,9,75,4.1,38.8889,88.8889
1823,ID0365,39,85.2564,4.6,42.9487,82.6923
1824,GY4705,687,85.6623,4.5,49.0175,81.8413
1825,HQ0954,40,87.5,4.7,50,81.25
1826,GW4577,163,88.0368,4.7,51.9939,81.7485
1827,S24009,39,85.8974,4.7,47.4359,78.2051
1828,IG2394,30,88.3333,4.5,61.6667,79.1667
1829,FY8649,1362,85.4442,4.6,50.4056,82.7065
1830,H03489,338,91.1243,4.8,52.145,86.7604
1831,Q47234,140,79.1071,4.4,49.2857,76.4286
1832,IG4691,2,100,5.0,75,87.5
1833,H06146,2388,88.2642,4.7,54.9749,87.4633
1834,GV9388,41,93.2927,4.7,50,95.122
1835,GZ6511,45,88.3333,4.8,50.5556,88.3333
1836,GY6720,589,86.7148,4.6,46.5986,83.5034
1837,ID9347,47,86.7021,4.7,50.5319,73.4043
1838,HP6484,676,87.1672,4.6,47.2633,80.1405
1839,GY5338,81,84.8765,4.1,51.5432,77.4691
1840,HP6477,676,87.1672,4.6,47.2633,80.1405
1841,HP6365,267,86.8914,4.6,50.8427,79.3071
1842,IE7240,61,88.5246,4.6,49.1803,80.7377
1843,GW4108,263,78.9924,4.0,42.3954,62.2624
1844,GZ0331,296,89.527,4.4,41.4407,73.0508
1845,HP7611,110,86.1364,4.5,50,86.3636
1846,HQ1233,65,86.9231,4.4,46.9231,82.3077
1847,IG0774,20,86.25,4.8,51.25,86.25
1848,GY8919,251,89.5418,4.6,44.3227,82.5697
1849,GW1029,146,75.3425,4.2,48.7931,72.069
1850,EE5599,215,84.3023,4.5,58.2558,74.6512
1851,HR0728,,,,,
1852,GY7366,,,,,
1853,GW8614,7,92.8571,4.6,60.7143,85.7143
1854,IE4781,18,87.5,4.6,50,83.3333
1855,IG2264,519,92.7746,4.8,47.9769,87.1387
1856,IG2261,519,92.7746,4.8,47.9769,87.1387
1857,IE1752,1938,89.306,4.7,49.613,86.1197
1858,IE1694,1929,89.3209,4.7,49.5853,86.1327
1859,ID9437,,,,,
1860,GX4302,,,,,
1861,IF5429,179,86.7318,4.5,50.1397,88.9665
1862,IE9701,429,85.0233,4.5,52.9206,83.236
1863,GZ5897,,,,,
1864,ID4683,,,,,
1865,HQ6351,1938,89.306,4.7,49.613,86.1197
1866,IG5718,,,,,
1867,GX9220,291,89.2612,4.6,49.6564,86.6838
1868,IF2379,232,84.5905,4.5,48.9224,81.681
1869,GW8748,,,,,
1870,GW4593,326,78.4509,4.3,45.7822,69.862
1871,IG5342,68,88.9706,4.8,50.8621,82.3276
1872,HQ4462,5526,86.2378,4.6,52.1109,83.0404
1873,FY7939,2436,88.3108,4.7,50.0411,81.5302
1874,GY3856,,,,,
1875,IE2300,18,93.0556,4.5,59.7222,84.7222
1876,GX4209,2743,84.4787,4.6,52.3919,84.2284
1877,IG6310,166,87.9518,4.5,49.5482,79.2169
1878,IE4895,,,,,
1879,IE2157,,,,,
1880,IE7207,10,92.5,4.7,52.5,87.5
1881,IF9940,13,76.9231,4.3,44.2308,71.1538
1882,HP9917,280,88.6607,4.5,46.1607,83.125
1883,GZ3741,,,,,
1884,GX4303,6111,90.7012,4.7,54.7242,90.9046
1885,ID2852,1349,87.8984,4.6,53.8048,82.8879
1886,IG3077,,,,,
1887,FY8154,,,,,
1888,FY6007,522,79.8851,4.5,53.0172,76.8199
1889,IE7255,63,86.1111,4.6,55.1587,82.1429
1890,IE1689,,,,,
1891,FZ6400,14,94.6429,4.5,62.5,92.8571
1892,HQ5988,7,92.8571,4.6,60.7143,85.7143
1893,HP7894,,,,,
1894,IE7172,2155,90.3016,4.8,50.2671,81.8509
1895,HQ4439,736,88.6209,4.4,59.9864,76.2228
1896,ID1686,,,,,
1897,ID9818,,,,,
1898,GZ6911,177,81.9209,4.3,46.7514,78.1073
1899,HP5796,,,,,
1900,ID1536,334,85.1796,4.5,47.973,83.8589
1901,IG6309,166,87.9518,4.5,49.5482,79.2169
1902,HP8616,27,87.963,4.7,55.5556,79.6296
1903,GZ0003,16,85.9375,4.3,50,65.625
1904,F35206,,,,,
1905,IE9618,203,83.4975,4.3,52.9851,74.8756
1906,GY7422,94,78.7234,4.5,50.266,75
1907,GX6368,1349,87.8984,4.6,53.8048,82.8879
1908,GY1446,507,72.6824,4.0,47.6824,69.0828
1909,IE6630,40,78.75,4.5,51.875,76.875
1910,HP2442,48,84.8958,4.5,50,83.8542
1911,IE2002,,,,,
1912,GX2997,625,90.6,4.6,50.9319,84.2382
1913,GW4605,65,82.3077,4.5,47.6562,73.8281
1914,HR0080,2057,90.1799,4.7,50.073,87.3906
1915,GX6425,76,83.8816,4.6,50.3289,88.4868
1916,HP2601,90,84.4444,4.5,57.5,80
1917,ID1548,,,,,
1918,HQ8415,507,72.6824,4.0,47.6824,69.0828
1919,GY7357,1178,82.6401,4.4,51.2521,76.528
1920,GZ5928,,,,,
1921,GY6145,251,88.4462,4.6,51.4113,86.0887
1922,GY2588,,,,,
1923,GV8749,4632,90.4901,4.7,48.5329,88.5405
1924,G58170,,,,,
1925,GV9856,341,71.6276,4.2,49.2604,72.3373
1926,H03548,56,94.6429,4.8,52.6786,89.7321
1927,H03548,56,94.6429,4.8,52.6786,89.7321
1928,IG7218,17,79.4118,4.6,47.0588,73.5294
1929,HQ7116,300,89.25,4.7,53.9167,80.9167
1930,HQ1888,1528,89.4961,4.7,52.3934,90.6557
1931,GZ6900,13,76.9231,4.6,47.9167,66.6667
1932,GV9856,341,71.6276,4.2,49.2604,72.3373
1933,GY9356,358,86.9413,4.6,49.5098,86.4846
1934,GZ9707,45,88.3333,4.8,50.5556,88.3333
1935,GY9284,43,89.5349,4.3,46.5116,78.4884
1936,GV7244,434,84.6198,4.0,46.2209,73.7791
1937,IF4799,351,88.604,4.5,44.5157,79.8433
