,product_code,n_reviews,quality,star_rating,Size,comfort
0,DD1503-101,617.0,44.66,4.8,49.0,78.0
1,DX9176-101,147.0,50.78,4.5,61.0,75.0
2,DH3158-107,199.0,46.67,4.6,59.0,78.0
3,DZ7736-002,2.0,,5,,
4,DZ2628-102,70.0,54.62,4.6,43.0,78.0
5,DV3950-601,303.0,49.51,4.7,45.0,89.0
6,DZ2537-603,34.0,63.18,4.4,42.0,74.0
7,CZ1055-100,707.0,38.94,4.6,47.0,66.0
8,DC4769-102,168.0,40.2,4.6,54.0,66.0
9,DV3854-100,371.0,49.66,4.7,50.0,89.0
10,FV3635-171,0.0,,0,,
11,DM7590-100,293.0,47.4,4.6,59.0,75.0
12,DH3161-100,448.0,37.05,4.5,36.0,68.0
13,DR2670-006,188.0,47.2,4.5,29.0,86.0
14,DR2660-001,360.0,49.44,4.4,50.0,85.0
15,FD3148-001,1.0,50.0,1,50.0,50.0
16,CD5432-101,809.0,37.08,4.5,37.0,73.0
17,FB2208-100,13.0,,4,,
18,FD2292-100,28.0,71.0,4.6,45.0,93.0
19,FB2348-700,24.0,79.61,4.5,57.0,86.0
20,DR9761-800,71.0,52.24,4.3,48.0,89.0
21,FQ8886-100,1.0,83.33,5,50.0,100.0
22,DZ2794-700,34.0,55.08,4.4,40.0,87.0
23,FD2196-100,31.0,78.29,4.5,58.0,93.0
24,DD9682-102,21.0,46.52,4.4,34.0,77.0
25,FD0736-101,21.0,59.37,5,45.0,95.0
26,FB9927-200,56.0,71.02,4.8,44.0,78.0
27,FV3634-181,0.0,,0,,
28,FB8502-100,24.0,79.28,4.8,46.0,96.0
29,FB8455-001,2.0,75.0,5,50.0,75.0
30,FQ8876-618,6.0,69.67,5,50.0,59.0
31,DM9922-002,126.0,44.78,4.7,40.0,88.0
32,DD1869-103,518.0,47.89,4.8,52.0,88.0
33,DO7626-001,35.0,44.52,4,50.0,75.0
34,DV4023-001,136.0,50.61,4.7,47.0,96.0
35,DV1238-001,227.0,49.04,4.5,46.0,91.0
36,DX6482-002,33.0,70.92,4.6,52.0,85.0
37,FB7147-001,0.0,,0,,
38,FB7156-001,0.0,,0,,
39,DM0113-102,216.0,34.72,4.3,48.0,52.0
40,DH9523-100,622.0,44.55,4.7,39.0,90.0
41,DJ6159-002,315.0,47.77,4.7,44.0,92.0
42,FB2197-600,28.0,78.14,4.6,41.0,97.0
43,DD8959-100,1855.0,49.47,4.8,66.0,81.0
44,CI0919-100,899.0,71.0,4.8,54.0,88.0
45,DJ7929-001,143.0,48.63,4.5,45.0,89.0
46,DN3559-003,152.0,41.61,4.4,36.0,77.0
47,DJ0292-101,333.0,,4.5,,
48,DN1791-100,57.0,45.01,4.5,37.0,84.0
49,DR2694-500,104.0,46.29,4.6,48.0,88.0
50,DR2689-601,73.0,54.94,4.6,51.0,96.0
51,FB2065-500,22.0,66.79,4.1,38.0,76.0
52,DH0625-500,71.0,56.25,4.8,47.0,95.0
53,DX4816-200,73.0,53.33,4.5,37.0,86.0
54,DQ8031-201,108.0,49.7,4.3,46.0,92.0
55,FB7154-001,2.0,50.0,3.5,50.0,50.0
56,DM0824-003,46.0,38.57,4.3,44.0,63.0
57,FQ8895-100,2.0,83.33,5,50.0,100.0
58,FV0952-100,1.0,50.0,1,50.0,50.0
59,FB8251-100,26.0,79.44,4.6,58.0,88.0
60,FJ6041-600,8.0,60.67,3.9,25.0,82.0
61,560845F-001,316.0,41.88,4.8,50.0,75.0
62,560846F-102,1613.0,,4.8,,
63,FD1448-664,9.0,68.89,4.9,56.0,84.0
64,DC0774-080,411.0,47.08,4.8,52.0,80.0
65,DH7004-600,80.0,50.33,4.7,62.0,74.0
66,BQ6472-414,988.0,44.65,4.9,50.0,80.0
67,DD1503-118,617.0,44.66,4.8,49.0,78.0
68,DN3253-061,60.0,48.56,4.3,47.0,72.0
69,CW6536-600,106.0,43.94,4.4,35.0,77.0
70,511417-136,82.0,47.17,4.7,42.0,80.0
71,DV0426-200,29.0,55.64,4.8,45.0,84.0
72,DZ2786-400,8.0,72.67,4.3,50.0,93.0
73,DC9486-100,125.0,44.53,4.8,53.0,79.0
74,FQ8893-397,22.0,77.67,5,53.0,80.0
75,DV1302-100,54.0,,4.7,,
76,FV3623-151,2.0,83.33,5,50.0,100.0
77,DV1143-800,46.0,32.2,3.9,10.0,54.0
78,CZ0596-010,527.0,41.91,4.6,32.0,89.0
79,DC3729-003,491.0,36.62,4.4,28.0,78.0
80,DX2931-400,40.0,52.83,4.6,43.0,93.0
81,DV1305-001,35.0,62.43,4.3,50.0,83.0
82,DQ8426-106,562.0,54.49,4.9,51.0,84.0
83,DZ7338-001,9.0,52.04,5,50.0,95.0
84,DJ9946-100,233.0,49.29,4.8,53.0,91.0
85,BQ3207-002,1973.0,44.59,4.6,48.0,85.0
86,942837-001,543.0,,4.6,,
87,DV0991-101,39.0,50.98,4.9,50.0,85.0
88,DH3159-100,4.0,66.67,4,50.0,100.0
89,FB9892-670,19.0,57.02,5,50.0,100.0
90,FD5130-200,8.0,73.33,4.8,32.0,88.0
91,553558-136,1598.0,45.98,4.9,50.0,79.0
92,554724-136,2967.0,42.8,4.9,50.0,78.0
93,DZ5485-105,830.0,48.31,4.9,50.0,80.0
94,FD6819-300,36.0,56.19,4.8,50.0,88.0
95,DQ4122-100,53.0,48.58,4.4,33.0,75.0
96,CZ4052-101,401.0,44.24,4.7,43.0,82.0
97,DV1307-100,87.0,69.02,4.8,51.0,94.0
98,DX4332-800,49.0,61.66,4.9,54.0,82.0
99,314870-011,287.0,50.71,4.8,52.0,97.0
100,FN6622-201,40.0,,4.7,,
101,414571-171,1475.0,46.21,4.9,52.0,84.0
102,FD1334-001,9.0,78.0,4.8,50.0,84.0
103,DB2889-501,95.0,50.54,4.6,50.0,89.0
104,CT8532-080,533.0,51.32,4.9,49.0,86.0
105,FZ4653-900,,,,,
106,DZ5485-042,830.0,48.31,4.9,50.0,80.0
107,FV0169-400,17.0,40.25,3.3,50.0,59.0
108,DO7189-100,30.0,53.56,4.8,47.0,87.0
109,CZ0790-161,675.0,69.01,4.8,53.0,77.0
110,FQ3381-002,99.0,57.84,4.7,41.0,81.0
111,DX8733-103,48.0,52.53,4.7,55.0,88.0
112,DM1123-100,280.0,48.55,4.8,40.0,96.0
113,DM0825-101,469.0,44.56,4.7,46.0,83.0
114,FB2238-001,27.0,68.4,4.4,34.0,86.0
115,DR8784-301,191.0,52.85,4.8,42.0,93.0
116,DR8785-002,252.0,44.41,4.5,38.0,75.0
117,DX4361-001,13.0,74.21,4.8,50.0,88.0
118,DV5475-300,9.0,56.81,4.7,38.0,88.0
119,CD4382-400,30.0,37.89,4.9,17.0,90.0
120,DX5388-900,,,,,
121,DZ0489-101,26.0,,4.8,,
122,CD4382-600,30.0,37.89,4.9,17.0,90.0
123,DD9304-602,171.0,41.09,4.5,40.0,78.0
124,FQ8732-010,6.0,83.33,5,50.0,100.0
125,FQ8971-600,2.0,75.0,4,50.0,75.0
126,DZ2946-100,1.0,83.33,3,50.0,100.0
127,DJ5423-300,201.0,45.16,4.8,39.0,92.0
128,FZ3620-001,0.0,,0,,
129,864349-302,55.0,48.18,4.6,46.0,84.0
130,DX5051-400,,,,,
131,942839-600,351.0,44.19,4.6,39.0,91.0
132,DV2917-401,39.0,52.03,4.4,46.0,87.0
133,FQ7223-900,,,,,
134,CW7586-100,9.0,61.11,5,50.0,100.0
135,,,,,,
136,FB9752-100,15.0,52.78,4.6,50.0,75.0
137,DV3907-900,,,,,
138,DQ5601-003,20.0,63.67,4.6,61.0,95.0
139,FJ8893-900,,,,,
140,CZ5920-400,37.0,,4.5,,
141,DQ1470-002,133.0,,4.4,,
142,FJ2253-901,,,,,
143,DR9631-801,127.0,51.43,4.8,61.0,87.0
144,,,,,,
145,DV3282-103,2.0,83.33,5,50.0,100.0
146,CW3406-004,66.0,49.5,4.2,29.0,70.0
147,DM1206-174,26.0,69.74,4.7,52.0,88.0
148,DC8753-100,83.0,25.4,4.6,25.0,50.0
149,314352-998,,,,,
150,CD4385-400,21.0,75.5,4.2,61.0,90.0
151,CW7637-991,,,,,
152,FJ9302-104,53.0,28.63,3.9,27.0,57.0
153,A03938C-206,0.0,,0,,
154,DR5540-102,30.0,49.67,4.4,43.0,96.0
155,FD9782-900,,,,,
156,DD9285-400,233.0,47.77,4.5,53.0,83.0
157,DO9456-100,1.0,75.0,5,50.0,100.0
158,CW3400-001,275.0,46.33,4.8,48.0,87.0
159,DQ7572-200,19.0,48.19,4.4,44.0,69.0
160,FQ8887-100,1.0,83.33,5,50.0,100.0
161,DJ9405-302,19.0,73.74,4.5,50.0,87.0
162,DZ2653-900,,,,,
163,DV2228-300,13.0,,4.4,,
164,DH0224-200,239.0,44.45,4.4,38.0,92.0
165,DO9327-102,99.0,44.37,4.6,43.0,80.0
166,BQ4632-002,442.0,46.45,4.7,41.0,97.0
167,FB2383-900,,,,,
168,FB2391-900,,,,,
169,DV3285-300,8.0,,4,,
170,DJ6257-004,400.0,36.0,4.4,33.0,73.0
171,168817C-102,1.0,100.0,4,100.0,100.0
172,CN9677-002,479.0,49.54,4.7,56.0,92.0
173,FJ4036-900,,,,,
174,DZ3407-800,10.0,71.33,4.9,44.0,100.0
175,DD9538-012,192.0,48.91,4.8,47.0,94.0
176,DX4219-400,2.0,66.67,5,50.0,100.0
177,FJ8896-900,,,,,
178,DC7695-102,17.0,48.92,4.9,47.0,88.0
179,FJ2975-001,267.0,46.37,4.3,45.0,84.0
180,DV2757-003,72.0,46.76,4.3,40.0,85.0
181,DC2533-600,285.0,,4.6,,
182,CZ5918-012,184.0,50.36,4.7,50.0,100.0
183,FN7104-010,0.0,,0,,
184,DD3024-101,479.0,45.89,4.6,41.0,90.0
185,FB6877-100,0.0,,0,,
186,DZ2906-600,2.0,58.33,4,25.0,50.0
187,DJ7383-800,30.0,43.56,4.2,47.0,77.0
188,FD4849-106,0.0,,0,,
189,DJ6521-002,19.0,,4.9,,
190,DX7998-700,14.0,50.0,3.8,,50.0
191,DM8974-004,74.0,43.68,4.4,45.0,82.0
192,DX2044-201,42.0,57.67,4.6,43.0,80.0
193,DM3494-105,151.0,46.99,4.8,49.0,86.0
194,CT1725-106,161.0,45.29,4.5,47.0,87.0
195,DX7999-100,10.0,42.67,4.4,13.0,75.0
196,FJ8894-900,,,,,
197,AO1523-500,25.0,44.67,4,40.0,90.0
198,DV5477-401,50.0,53.67,4.7,42.0,89.0
199,FZ0814-900,,,,,
200,FB9891-100,16.0,81.33,4.9,50.0,94.0
201,DV2272-900,,,,,
202,DV3903-900,,,,,
203,FJ8895-900,,,,,
204,846440-998,,,,,
205,DX2314-200,4.0,36.33,4.5,17.0,67.0
206,FV0400-001,0.0,,0,,
207,DZ3299-002,9.0,80.0,4.8,45.0,95.0
208,DV7006-200,82.0,,4.6,,
209,DD9291-600,119.0,56.5,4.5,38.0,75.0
210,166800C-001,9.0,57.41,5,50.0,100.0
211,FD6409-003,31.0,49.63,4.7,47.0,89.0
212,FJ4036-900,,,,,
213,DQ2904-002,22.0,66.0,4.6,55.0,93.0
214,DC7695-100,17.0,48.92,4.9,47.0,88.0
215,DJ4471-121,0.0,,0,,
216,DV5472-001,0.0,,0,,
217,DX4985-003,29.0,69.55,4.5,47.0,72.0
218,DV2957-001,10.0,81.67,5,55.0,90.0
219,FN3435-148,1.0,,5,,
220,DR7880-001,4.0,,4,,
221,DH9227-101,15.0,35.56,4.2,37.0,63.0
222,FJ8890-905,,,,,
223,DV7903-003,93.0,47.55,4.3,47.0,72.0
224,DD9283-011,213.0,34.47,4.4,39.0,63.0
225,,,,,,
226,CZ6559-110,18.0,51.85,4.2,50.0,100.0
227,DV7409-100,4.0,,4.5,,
228,FB9894-001,6.0,64.11,4.5,34.0,75.0
229,DX4400-005,3.0,,4,,
230,FD0090-101,0.0,,0,,
231,CI2964-610,4.0,50.0,4.5,25.0,75.0
232,,,,,,
233,DR6192-104,9.0,57.78,4.6,50.0,90.0
234,432997-111,118.0,44.69,4.7,57.0,72.0
235,DV5468-300,12.0,50.33,3.6,37.0,64.0
236,DR9831-001,359.0,46.61,4.6,47.0,92.0
237,DJ6945-200,55.0,51.82,4.8,50.0,100.0
238,DC1975-001,74.0,75.5,4.9,63.0,88.0
239,FB2863-600,12.0,81.11,4.7,65.0,95.0
240,DZ4874-300,3.0,67.0,5,50.0,84.0
241,CV5708-010,32.0,40.87,4.4,25.0,82.0
242,CZ3668-017,55.0,57.0,4.2,31.0,83.0
243,CU4874-600,120.0,,4.6,,
244,560251F-102,27.0,,4.5,,
245,DO7436-900,,,,,
246,FQ8706-300,26.0,54.95,4.5,34.0,77.0
247,DZ6763-102,3.0,78.0,5,50.0,84.0
248,FD0268-100,1.0,83.33,5,50.0,100.0
249,DR2733-400,2.0,50.0,4,50.0,50.0
250,DM1124-002,62.0,45.91,4.6,30.0,90.0
251,DZ3638-900,,,,,
252,FV3526-600,0.0,,0,,
253,DC3590-105,54.0,48.75,4.6,54.0,83.0
254,FQ3391-010,0.0,,0,,
255,DR2756-400,7.0,,4.3,,
256,DC0496-100,174.0,44.91,4.5,40.0,93.0
257,DV1163-100,0.0,,0,,
258,FJ4036-900,,,,,
259,CU4152-101,20.0,45.0,4.5,50.0,75.0
260,DH7546-101,12.0,66.89,4.3,46.0,88.0
261,CZ4099-400,564.0,55.5,4.6,39.0,72.0
262,CQ9545-556,293.0,37.05,4.2,28.0,77.0
263,DO8863-660,18.0,44.7,4.1,59.0,64.0
264,DM8019-005,16.0,60.0,3.8,45.0,75.0
265,CU3959-004,97.0,43.68,4.7,55.0,75.0
266,DJ9976-100,17.0,55.88,4.8,50.0,100.0
267,DD9294-104,140.0,45.43,4.4,38.0,94.0
268,DM9073-700,139.0,78.5,4.5,66.0,91.0
269,DH1537-002,145.0,42.97,4.4,48.0,74.0
270,DR5377-001,1.0,,5,,
271,CT0079-101,19.0,50.5,4.5,42.0,59.0
272,FZ4655-900,,,,,
273,FJ8902-900,,,,,
274,DZ2927-400,4.0,50.33,3,63.0,63.0
275,DR6965-300,6.0,58.67,3.8,63.0,63.0
276,FD1643-300,3.0,61.33,3.7,34.0,50.0
277,CZ0931-003,48.0,47.42,4.4,56.0,80.0
278,FV1699-801,1.0,66.67,5,50.0,50.0
279,FZ5758-004,9.0,74.0,4.8,50.0,72.0
280,,,,,,
281,CZ5917-600,29.0,,4.7,,
282,DC8749-101,37.0,,4.6,,
283,AO2416-101,2.0,66.67,4.5,50.0,100.0
284,DM8199-064,0.0,,0,,
285,DA2725-301,52.0,56.59,4.7,68.0,96.0
286,FN7400-140,1.0,83.33,5,50.0,100.0
287,M9622-410,17.0,83.5,5,67.0,100.0
288,DX6915-300,4.0,75.0,5,50.0,100.0
289,FJ2253-901,,,,,
290,DZ2795-001,7.0,38.1,4.3,50.0,50.0
291,849560-001,20.0,45.67,3.5,41.0,91.0
292,DZ2795-700,7.0,38.1,4.3,50.0,50.0
293,DR0126-600,14.0,49.86,4.3,42.0,79.0
294,CW3203-600,13.0,58.95,4.1,46.0,77.0
295,FN5714-001,3.0,67.0,5,34.0,67.0
296,DD1901-600,2.0,75.0,4,,75.0
297,DD9535-005,159.0,44.48,4.4,45.0,79.0
298,FD2652-002,1.0,100.0,5,100.0,100.0
299,FN0784-004,37.0,55.54,4.6,49.0,96.0
300,DZ5211-100,0.0,,0,,
301,DH3395-102,9.0,19.0,3.7,13.0,25.0
302,FN0569-900,,,,,
303,DQ1979-500,4.0,75.0,4.3,50.0,100.0
304,AO3622-002,265.0,55.0,4.5,42.0,68.0
305,FB2390-900,,,,,
306,DJ9431-001,59.0,68.11,4.7,48.0,97.0
307,AA0286-106,402.0,39.08,4.7,34.0,83.0
308,FJ8900-900,,,,,
309,DX5655-500,3.0,66.89,4,50.0,84.0
310,FB1362-100,9.0,75.63,4.9,50.0,88.0
311,FN0569-900,,,,,
312,DJ6015-603,113.0,42.1,4.6,40.0,81.0
313,FJ8900-900,,,,,
314,DV3279-102,16.0,35.42,4.4,50.0,50.0
315,DV7408-100,12.0,69.67,4.9,50.0,84.0
316,DR6851-100,0.0,,0,,
317,DQ4124-105,83.0,36.47,4.3,43.0,64.0
318,DX5048-600,,,,,
319,FB5059-100,0.0,,0,,
320,DR1020-400,0.0,,0,,
321,FN0569-900,,,,,
322,FN0569-900,,,,,
323,,,,,,
324,FB5057-900,,,,,
325,CD5434-001,583.0,47.68,4.7,68.0,74.0
326,FN0569-900,,,,,
327,CU1722-960,,,,,
328,CW7358-601,808.0,46.42,4.7,50.0,89.0
329,,,,,,
330,DC3730-001,16.0,87.5,4.7,75.0,100.0
331,DX9013-008,1.0,100.0,5,,100.0
332,FJ8915-400,3.0,78.0,5,34.0,100.0
333,A05685C-650,0.0,,0,,
334,DZ5205-500,3.0,,4.7,,
335,DV5141-017,24.0,66.83,4.8,46.0,92.0
336,FJ4576-100,1.0,,3,,
337,FD6812-400,109.0,61.82,4.9,49.0,86.0
338,DC8990-002,86.0,75.0,4.7,50.0,100.0
339,DD9625-400,28.0,54.48,5,50.0,92.0
340,FZ6829-002,0.0,,0,,
341,DX6405-600,13.0,62.82,4.5,68.0,82.0
342,,,,,,
343,DX5883-100,119.0,49.85,4.6,59.0,83.0
344,749867-105,25.0,52.67,4.9,50.0,100.0
345,DV7415-600,67.0,43.82,4.6,45.0,79.0
346,560250F-001,39.0,,4.6,,
347,DM0886-100,3.0,61.11,3,50.0,100.0
348,DH5359-100,15.0,75.0,4.8,50.0,100.0
349,CZ2959-402,121.0,43.32,4.8,46.0,79.0
350,HF0004-900,,,,,
351,FB2392-900,,,,,
352,DA8570-600,167.0,48.6,4.5,48.0,93.0
353,DZ3621-900,,,,,
354,DC8725-101,23.0,51.45,4.9,50.0,100.0
355,FB2390-900,,,,,
356,FB9019-700,15.0,,5,,
357,AO0808-002,12.0,54.0,4.4,28.0,80.0
358,DV3809-100,8.0,71.5,4.6,59.0,84.0
359,HF0004-900,,,,,
360,DC9093-001,74.0,48.45,4.7,52.0,92.0
361,DV2019-101,27.0,40.57,4.3,34.0,84.0
362,DZ7533-002,57.0,53.38,4.5,29.0,75.0
363,FB2269-103,3.0,72.33,4.7,50.0,67.0
364,DV2220-100,0.0,,0,,
365,FQ7223-905,,,,,
366,FD8357-100,0.0,,0,,
367,DV0496-006,25.0,,4.7,,
368,DH7505-101,110.0,40.24,4.6,45.0,73.0
369,DR2741-100,8.0,37.5,5,50.0,50.0
370,M9697-410,7.0,75.0,4.9,75.0,75.0
371,CI2955-160,11.0,52.12,4,40.0,80.0
372,FV6149-001,0.0,,0,,
373,FN0569-900,,,,,
374,FV1894-800,0.0,,0,,
375,FN0564-001,0.0,,0,,
376,325256-401,30.0,51.11,4.8,50.0,100.0
377,864349-204,55.0,48.18,4.6,46.0,84.0
378,,,,,,
379,DZ3356-500,49.0,69.03,4.7,52.0,100.0
380,685135-004,22.0,75.0,4.5,50.0,100.0
381,FJ4036-900,,,,,
382,394053-101,0.0,,0,,
383,DJ6149-400,135.0,48.99,4.8,53.0,91.0
384,DR2948-600,67.0,46.49,4.6,54.0,81.0
385,FJ8901-900,,,,,
386,FB9894-100,6.0,64.11,4.5,34.0,75.0
387,DC0774-102,411.0,,4.8,,
388,537345-001,18.0,39.89,4.4,20.0,83.0
389,AJ8119-002,6.0,62.5,3.7,50.0,75.0
390,FQ9395-600,1.0,83.33,5,50.0,100.0
391,BQ4153-100,291.0,45.71,4.7,38.0,95.0
392,FV6147-001,0.0,,0,,
393,FN7481-100,9.0,67.56,4.3,43.0,93.0
394,DQ8992-001,5.0,65.33,4.4,88.0,88.0
395,FD8701-001,2.0,58.33,4,25.0,50.0
396,FJ9822-601,,,,,
397,DZ5217-100,3.0,34.0,2.7,,34.0
398,DM3493-002,150.0,69.5,4.8,52.0,87.0
399,,,,,,
400,DC8794-002,114.0,47.29,4.6,49.0,92.0
401,685134-400,13.0,50.0,4.3,,50.0
402,DN1772-108,214.0,41.96,4.8,35.0,89.0
403,FN4182-001,1.0,83.33,5,50.0,100.0
404,FJ8890-900,,,,,
405,DV2185-100,2.0,87.5,5,75.0,100.0
406,CW4439-011,30.0,100.0,4.6,100.0,100.0
407,DO7433-900,,,,,
408,DQ7605-200,17.0,25.5,4.1,34.0,17.0
409,FB7065-600,0.0,,0,,
410,DJ7552-009,8.0,54.17,5,50.0,100.0
411,FD0794-700,18.0,40.7,3.6,14.0,47.0
412,DX4260-100,3.0,,5,,
413,,,,,,
414,DJ4487-121,8.0,20.83,3.8,25.0,25.0
415,DQ5012-133,9.0,52.07,5,34.0,100.0
416,FJ6035-600,5.0,63.33,4.2,40.0,70.0
417,CD5436-100,70.0,,4.7,,
418,DJ4473-170,1.0,,5,,
419,DZ2832-200,3.0,75.5,4.7,67.0,84.0
420,CU1724-960,,,,,
421,DJ4702-002,12.0,63.89,5,50.0,100.0
422,DZ1725-300,1.0,83.33,4,50.0,100.0
423,DX6779-100,2.0,,2,,
424,FQ9008-800,4.0,55.67,4,50.0,67.0
425,FD5113-400,5.0,66.67,4.2,50.0,70.0
426,DC8892-001,47.0,51.04,4.4,54.0,97.0
427,DV7896-600,81.0,38.16,4.2,40.0,72.0
428,DA7698-004,267.0,49.0,4.6,49.0,92.0
429,,,,,,
430,DH0222-101,20.0,63.5,4.3,50.0,77.0
431,DR9842-400,4.0,58.5,4,50.0,67.0
432,FN0569-900,,,,,
433,DZ5648-100,21.0,21.43,3.9,20.0,30.0
434,DX7992-700,16.0,57.42,4.9,57.0,84.0
435,CW9705-200,143.0,51.33,4.9,47.0,100.0
436,BQ3378-100,4.0,,4.5,,
437,DH1270-100,85.0,,4.6,,
438,,,,,,
439,FB9893-300,7.0,68.48,4.1,50.0,84.0
440,DV3907-900,,,,,
441,DZ2616-800,61.0,59.94,4.3,50.0,79.0
442,,,,,,
443,FB2390-900,,,,,
444,DZ3544-200,21.0,77.33,4.5,48.0,84.0
445,FV6148-001,0.0,,0,,
446,DC3579-800,49.0,47.03,4.3,53.0,84.0
447,FJ4547-100,55.0,75.0,4.8,50.0,100.0
448,A04955C-101,0.0,,0,,
449,FB9149-400,0.0,,0,,
450,,,,,,
451,DX5550-700,35.0,37.14,4.5,25.0,75.0
452,DV6841-100,44.0,42.76,4.3,46.0,80.0
453,CZ0775-001,70.0,,4.9,,
454,CV0400-400,32.0,45.71,4.9,42.0,92.0
455,DZ4701-600,555.0,47.48,4.6,50.0,91.0
456,,,,,,
457,,,,,,
458,CT0079-400,19.0,50.5,4.5,42.0,59.0
459,DR0675-300,15.0,44.78,3.6,27.0,54.0
460,DO9458-100,57.0,59.0,4.9,34.0,84.0
461,844994-002,462.0,45.07,4.7,49.0,86.0
462,DZ2794-102,,,,,
463,FN0569-900,,,,,
464,DQ4124-106,83.0,36.47,4.3,43.0,64.0
465,943790-100,96.0,37.5,4.6,25.0,50.0
466,FV5914-010,1.0,83.33,5,50.0,100.0
467,CW4440-011,37.0,50.0,4.4,,50.0
468,FD0211-300,3.0,83.33,5,50.0,100.0
469,DD0161-100,32.0,,4.8,,
470,FN7999-001,0.0,,0,,
471,FD0089-101,0.0,,0,,
472,FN6743-900,,,,,
473,DX4220-100,17.0,47.24,3.5,30.0,47.0
474,CT2904-002,37.0,45.87,4.2,34.0,82.0
475,FQ8107-133,0.0,,0,,
476,343881-007,969.0,41.44,4.6,39.0,85.0
477,,,,,,
478,FB2200-001,0.0,,0,,
479,FB7054-600,0.0,,0,,
480,DZ5226-300,4.0,71.0,4.5,25.0,88.0
481,DM9554-900,45.0,70.0,4.8,50.0,90.0
482,FD5088-200,10.0,54.0,4.9,43.0,65.0
483,DO1850-007,18.0,67.5,4.5,60.0,75.0
484,DR0424-001,20.0,64.0,4.4,70.0,92.0
485,HF0004-900,,,,,
486,FB2390-900,,,,,
487,DV9193-001,0.0,,0,,
488,DX3313-100,4.0,75.0,5,50.0,100.0
489,454350-700,408.0,48.9,4.7,49.0,95.0
490,CZ9907-003,75.0,40.89,4.3,39.0,77.0
491,DC8184-001,128.0,41.93,4.6,42.0,83.0
492,DD6958-001,183.0,39.76,4.7,42.0,74.0
493,DV7898-600,4.0,50.0,3.8,25.0,75.0
494,,,,,,
495,FB2239-002,29.0,54.8,4.2,19.0,73.0
496,BQ9138-001,14.0,19.38,3.2,34.0,17.0
497,FQ6873-101,1.0,75.0,3,50.0,100.0
498,DO5047-411,19.0,64.89,4.8,42.0,79.0
499,FJ8893-900,,,,,
500,,,,,,
501,CZ1055-101,707.0,38.94,4.6,47.0,66.0
502,FQ4298-800,4.0,75.33,4.3,38.0,88.0
503,CI1172-601,98.0,64.5,4.6,50.0,79.0
504,FV6079-001,1.0,83.33,5,50.0,100.0
505,806561-400,15.0,69.0,4.7,50.0,88.0
506,859550-200,32.0,45.42,4.6,38.0,92.0
507,FB7076-100,0.0,,0,,
508,AO3108-006,54.0,45.19,4.4,59.0,71.0
509,685131-004,23.0,35.78,4.2,42.0,61.0
510,397690-018,1.0,100.0,4,,100.0
511,DD1391-100,350.0,39.05,4.7,46.0,68.0
512,FJ2596-002,0.0,,0,,
513,FB2392-900,,,,,
514,FN4216-001,0.0,,0,,
515,DZ2540-600,24.0,43.11,4.5,41.0,80.0
516,FZ3597-133,0.0,,0,,
517,FN7196-663,1.0,83.33,5,50.0,100.0
518,HF0004-900,,,,,
519,FN7778-600,4.0,66.67,5,50.0,100.0
520,FJ4923-008,33.0,67.92,5,48.0,80.0
521,DO7433-900,,,,,
522,FQ8899-100,2.0,75.0,5,50.0,75.0
523,FD1146-100,112.0,48.15,4.6,58.0,82.0
524,DV1129-101,26.0,,4.5,,
525,FQ8897-252,1.0,83.33,5,50.0,100.0
526,AA1204-400,13.0,57.5,3.9,37.0,78.0
527,DR9114-100,7.0,59.52,5,50.0,100.0
528,FZ0815-900,,,,,
529,CJ1671-100,1.0,,5,,
530,DN4890-700,6.0,55.56,3.5,75.0,75.0
531,CZ6558-110,25.0,,4.4,,
532,DR6402-900,4.0,44.0,4.5,25.0,63.0
533,FQ8889-100,0.0,,0,,
534,DZ4135-002,20.0,55.67,4,63.0,59.0
535,DO9843-100,134.0,37.83,4.7,45.0,67.0
536,DV7411-400,39.0,49.13,4.5,47.0,85.0
537,DX5048-300,,,,,
538,FD6817-003,8.0,77.33,5,50.0,82.0
539,FQ8337-121,0.0,,0,,
540,BV2078-100,250.0,32.87,4.4,34.0,63.0
541,DZ7260-400,4.0,66.67,4.8,50.0,100.0
542,FD5088-001,10.0,54.0,4.9,43.0,65.0
543,DV2629-005,150.0,50.67,4.8,50.0,100.0
544,FB2372-100,2.0,75.0,5,50.0,75.0
545,FB2392-900,,,,,
546,FN0708-400,0.0,,0,,
547,DH3050-100,91.0,,4.7,,
548,FN7105-030,58.0,73.94,4.7,49.0,78.0
549,FD6694-001,0.0,,0,,
550,AV3918-102,22.0,75.0,4.8,50.0,100.0
551,,,,,,
552,AQ1779-100,16.0,47.17,4.4,50.0,79.0
553,FJ3448-200,0.0,,0,,
554,DQ7688-170,4.0,58.33,5,50.0,100.0
555,DV4462-600,1.0,75.0,5,50.0,100.0
556,FJ2708-001,0.0,,0,,
557,CW2386-603,456.0,41.07,4.7,43.0,80.0
558,FN6838-012,5.0,63.33,4.6,30.0,80.0
559,FJ2985-001,3.0,75.0,5,50.0,100.0
560,FV4145-001,3.0,89.0,5,67.0,100.0
561,DA1349-004,78.0,45.5,4.1,25.0,66.0
562,,,,,,
563,,,,,,
564,DV2024-001,1.0,83.33,5,100.0,50.0
565,DR9922-700,7.0,60.0,5,40.0,80.0
566,FD0731-001,4.0,83.33,5,50.0,100.0
567,DQ0660-130,19.0,73.14,4.8,56.0,95.0
568,FD1157-600,0.0,,0,,
569,DJ5630-600,0.0,,0,,
570,DJ5593-041,73.0,46.0,4.1,16.0,76.0
571,DX0024-100,1.0,83.33,4,50.0,100.0
572,FJ0850-001,0.0,,0,,
573,DM0103-003,93.0,46.08,4.5,54.0,81.0
574,DV1403-002,20.0,46.33,4.5,32.0,82.0
575,DJ5590-103,2.0,75.0,4.5,50.0,100.0
576,DD9315-108,107.0,49.69,4.7,54.0,82.0
577,DV1202-601,10.0,44.33,4.6,50.0,63.0
578,FD6815-001,10.0,69.33,4.6,56.0,72.0
579,DV6801-701,2.0,75.0,5,50.0,100.0
580,DV1376-101,38.0,67.11,4.8,78.0,97.0
581,DH4120-101,7.0,52.1,4.7,50.0,92.0
582,FB3124-100,2.0,66.67,3,50.0,100.0
583,DC5221-041,94.0,42.09,4.6,25.0,97.0
584,FD6853-001,3.0,89.0,4.3,67.0,100.0
585,DV1407-100,2.0,75.0,5,50.0,75.0
586,DM8449-001,3.0,50.16,4.3,,67.0
587,CU9978-101,149.0,41.9,4.5,42.0,79.0
588,DQ4128-155,1.0,83.33,5,50.0,100.0
589,DV6800-110,1.0,66.67,4,50.0,50.0
590,FD6848-001,5.0,83.33,5,50.0,100.0
591,DC9968-705,54.0,43.19,4.7,43.0,81.0
592,DJ4978-605,75.0,44.0,4.7,41.0,83.0
593,DD9465-600,34.0,32.94,4.4,20.0,70.0
594,FN6746-904,,,,,
595,DJ5167-300,0.0,,0,,
596,FD1162-600,1.0,100.0,4,100.0,100.0
597,DZ3183-100,5.0,,3.6,,
598,DJ5633-600,8.0,75.0,4.3,50.0,100.0
599,DJ5627-600,10.0,53.33,4.2,50.0,100.0
600,FN6750-900,,,,,
601,DJ5963-600,76.0,27.96,4.7,32.0,44.0
602,DX5257-900,,,,,
603,DD9475-705,0.0,,0,,
604,DX5261-902,,,,,
605,DV4336-040,6.0,54.33,4.3,25.0,88.0
606,DX5266-902,,,,,
607,DD9472-300,53.0,34.92,4.7,34.0,67.0
608,AT5889-407,64.0,45.71,4.6,39.0,95.0
609,DV4337-300,9.0,37.04,3.8,50.0,50.0
610,DD9482-600,9.0,,4.6,,
611,FN8406-300,32.0,46.92,4.6,20.0,77.0
612,DJ5598-040,58.0,28.57,4.4,17.0,67.0
613,DC9969-600,66.0,42.53,4.7,37.0,83.0
614,DC8466-102,47.0,37.5,4.5,32.0,72.0
615,DV4330-300,1.0,100.0,3,,
616,DV4340-040,0.0,,0,,
617,DJ5605-300,22.0,44.7,4.6,50.0,75.0
618,580456-500,38.0,34.54,4.8,34.0,67.0
619,DD9473-705,29.0,31.45,4.6,17.0,67.0
620,DD9463-300,17.0,53.92,4.6,50.0,100.0
621,DD9477-300,3.0,66.66,4.7,,100.0
622,DX5260-900,,,,,
623,DJ5961-600,60.0,39.89,4.3,34.0,84.0
624,FN6753-900,,,,,
625,DJ5165-040,2.0,,5,,
626,FJ4831-900,,,,,
627,CZ9890-007,56.0,54.5,4.6,36.0,73.0
628,DJ5629-605,14.0,42.43,4.4,25.0,88.0
629,DJ5969-040,4.0,,3.5,,
630,DD9441-040,6.0,47.22,4.5,75.0,50.0
631,FD1164-600,0.0,,0,,
632,FN8405-300,50.0,46.0,4.3,23.0,79.0
633,FN6749-906,,,,,
634,DJ5603-300,43.0,31.55,4.3,20.0,70.0
635,AT6178-010,28.0,52.38,4.6,50.0,100.0
636,DD9469-300,2.0,,2.5,,
637,DJ5631-300,57.0,54.5,4.6,42.0,67.0
638,DV4333-040,13.0,46.92,4.7,30.0,80.0
639,DJ5962-040,3.0,61.11,4,50.0,100.0
640,DJ5165-300,2.0,,5,,
641,CT0550-700,50.0,48.0,4.7,54.0,82.0
642,DJ5622-300,2.0,83.33,5,50.0,100.0
643,DV4342-100,6.0,66.67,4.7,50.0,100.0
644,DV4344-040,16.0,29.17,4.8,25.0,50.0
645,DJ5635-605,3.0,50.0,3.7,50.0,
646,DD9483-040,14.0,,4.8,,
647,DD9476-040,4.0,,4.8,,
648,DA1174-705,41.0,36.48,4.4,32.0,75.0
649,CZ8482-054,85.0,46.57,4.5,48.0,87.0
650,DV4341-100,3.0,61.11,4.7,50.0,100.0
651,DH9638-600,17.0,45.0,3,50.0,40.0
652,DD1391-100,350.0,39.05,4.7,46.0,68.0
653,FQ8826-100,5.0,76.67,5,50.0,80.0
654,DZ5485-042,832.0,48.05,4.9,50.0,79.0
655,DX5800-100,29.0,69.07,4.3,43.0,78.0
656,BV1358-003,29.0,71.69,4.8,55.0,98.0
657,FQ3381-600,99.0,57.84,4.7,41.0,81.0
658,FV3633-081,0.0,,0,,
659,FB8892-200,0.0,,0,,
660,FB8883-200,2.0,,5,,
661,FJ6196-001,0.0,,0,,
662,DZ3356-001,49.0,69.03,4.7,52.0,100.0
663,DV2917-500,39.0,52.03,4.4,46.0,87.0
664,DR5752-100,38.0,60.88,4.5,45.0,85.0
665,414571-171,1475.0,46.21,4.9,52.0,84.0
666,FD1334-001,11.0,79.0,4.8,50.0,87.0
667,CT8532-080,536.0,51.41,4.9,49.0,86.0
668,FB9927-200,56.0,71.02,4.8,44.0,78.0
669,FV8106-361,7.0,67.9,5,59.0,59.0
670,FQ8823-236,2.0,91.67,5,75.0,100.0
671,FQ8824-236,0.0,,0,,
672,DZ2538-300,45.0,72.81,4.3,50.0,84.0
673,AH8050-100,3010.0,42.77,4.7,43.0,84.0
674,DZ4627-101,1.0,66.67,4,50.0,50.0
675,FD0192-200,1.0,66.67,5,50.0,50.0
676,DX6934-200,0.0,,0,,
677,DR0675-018,15.0,44.78,3.6,27.0,54.0
678,DX9013-008,1.0,100.0,5,,100.0
679,CZ0790-161,675.0,69.01,4.8,53.0,77.0
680,DQ8426-106,562.0,54.49,4.9,51.0,84.0
681,DJ6188-101,459.0,45.44,4.9,55.0,75.0
682,DV0831-004,54.0,64.9,4.7,56.0,85.0
683,DV1307-101,90.0,69.44,4.8,51.0,94.0
684,FD6817-003,8.0,77.33,5,50.0,82.0
685,FQ8731-012,3.0,78.0,4.7,50.0,84.0
686,FD9082-104,135.0,58.74,4.8,46.0,88.0
687,FB9911-001,15.0,72.33,5,47.0,70.0
688,FB9907-001,5.0,49.33,4.2,38.0,50.0
689,FV2345-500,29.0,67.51,4.8,42.0,95.0
690,DR8784-500,192.0,52.81,4.8,42.0,93.0
691,FV3631-081,0.0,,0,,
692,DR2615-101,360.0,49.44,4.4,50.0,85.0
693,FB1362-100,9.0,75.63,4.9,50.0,88.0
694,FB9660-001,19.0,78.91,4.5,50.0,92.0
695,CT2302-100,862.0,47.84,4.9,56.0,86.0
696,FV6656-100,9.0,57.52,3.4,50.0,67.0
697,FZ3156-010,4.0,79.33,5,50.0,88.0
698,DZ3544-200,21.0,77.33,4.5,48.0,84.0
699,432997-121,118.0,44.69,4.7,57.0,72.0
700,FV4145-001,3.0,89.0,5,67.0,100.0
701,FV4137-001,1.0,50.0,3,50.0,50.0
702,FV1895-001,3.0,83.33,5,50.0,100.0
703,DX4985-600,29.0,69.55,4.5,47.0,72.0
704,DZ7533-600,57.0,53.38,4.5,29.0,75.0
705,FB2204-002,25.0,71.0,4.6,44.0,85.0
706,DR2665-100,189.0,47.33,4.5,29.0,86.0
707,FQ8827-324,1.0,83.33,5,50.0,100.0
708,FD5810-200,12.0,48.78,4.4,25.0,63.0
709,DJ7926-001,176.0,52.01,4.3,46.0,89.0
710,FB1309-001,30.0,79.44,4.7,52.0,93.0
711,DV1678-006,200.0,55.17,4.6,46.0,89.0
712,924453-007,2540.0,47.15,4.9,44.0,96.0
713,CN8490-001,329.0,49.55,4.7,49.0,89.0
714,FD6719-001,2.0,66.67,5,50.0,100.0
715,FD6848-001,5.0,83.33,5,50.0,100.0
716,FD6815-001,10.0,69.33,4.6,56.0,72.0
717,FN7459-002,23.0,67.43,4.3,37.0,74.0
718,DR8884-101,148.0,73.02,4.8,49.0,91.0
719,,,,,,
720,FV0393-001,11.0,65.52,4.8,42.0,100.0
721,BQ6472-033,990.0,44.71,4.9,50.0,80.0
722,DV0829-100,45.0,51.07,4.8,53.0,78.0
723,DZ4404-001,40.0,53.67,4.8,57.0,74.0
724,852542-007,643.0,45.67,4.8,50.0,80.0
725,849559-001,205.0,46.54,3.8,41.0,83.0
726,511881-023,445.0,51.97,4.3,60.0,95.0
727,DQ4122-100,53.0,48.58,4.4,33.0,75.0
728,FD5130-200,9.0,70.67,4.7,28.0,84.0
729,FN7304-100,4.0,,4.5,,
730,FD6819-300,37.0,57.14,4.8,50.0,89.0
731,AH8047-011,6.0,61.0,3.8,34.0,88.0
732,DQ3977-100,19.0,58.3,4.2,40.0,77.0
733,DJ4701-003,134.0,58.34,4.6,42.0,89.0
734,BQ6806-100,786.0,40.39,4.7,48.0,71.0
735,FD4116-200,164.0,47.8,4.3,27.0,78.0
736,DV1305-001,35.0,62.43,4.3,50.0,83.0
737,DH3162-100,166.0,33.47,4.6,34.0,61.0
738,CQ9356-004,176.0,39.14,4.4,38.0,76.0
739,FB9658-002,8.0,77.17,4.9,50.0,94.0
740,DV0788-105,184.0,51.59,4.8,54.0,85.0
741,DC3728-003,518.0,33.95,4.1,31.0,67.0
742,FD9082-102,135.0,58.74,4.8,46.0,88.0
743,DV5141-611,24.0,66.83,4.8,46.0,92.0
744,554724-136,2967.0,42.8,4.9,50.0,78.0
745,DQ7558-001,19.0,50.02,4.4,45.0,84.0
746,FD2592-002,6.0,69.78,4.5,42.0,84.0
747,DB2889-501,96.0,50.85,4.6,50.0,89.0
748,DV1302-100,54.0,54.78,4.7,54.0,77.0
749,553558-136,1598.0,45.98,4.9,50.0,79.0
750,FQ8338-017,11.0,78.64,4.9,50.0,95.0
751,CZ0326-100,19.0,51.84,4.8,57.0,88.0
752,FB8878-200,4.0,50.0,5,25.0,75.0
753,DQ0660-130,19.0,73.14,4.8,56.0,95.0
754,865031-009,246.0,51.03,4.8,52.0,95.0
755,DX4332-800,49.0,61.66,4.9,54.0,82.0
756,DM1123-100,281.0,48.54,4.8,40.0,96.0
757,DQ9011-100,17.0,71.45,4.6,38.0,94.0
758,DA6364-101,181.0,40.59,4.6,50.0,69.0
759,FB9657-002,2.0,75.0,4,50.0,75.0
760,DC0774-080,411.0,47.08,4.8,52.0,80.0
761,DN3253-061,60.0,48.56,4.3,47.0,72.0
762,DQ3505-100,14.0,69.81,4.9,46.0,92.0
763,DN2158-101,79.0,39.02,4.3,47.0,65.0
764,DH0295-102,115.0,52.33,4.5,54.0,83.0
765,DV0426-200,30.0,56.0,4.8,45.0,83.0
766,BQ3204-005,1124.0,44.99,4.6,49.0,85.0
767,DZ5485-105,832.0,48.05,4.9,50.0,79.0
768,942838-101,216.0,48.39,4.7,44.0,97.0
769,DX8733-103,48.0,52.53,4.7,55.0,88.0
770,FV0169-400,17.0,37.25,3.3,50.0,50.0
771,DH7004-600,81.0,50.02,4.7,60.0,74.0
772,FJ5471-121,3.0,61.44,4.7,67.0,84.0
773,CT2303-100,84.0,46.44,4.8,48.0,83.0
774,CZ4052-101,401.0,44.24,4.7,43.0,82.0
775,FN6622-201,41.0,60.11,4.7,48.0,86.0
776,FD1157-600,0.0,,0,,
777,DM1182-991,,,,,
778,DC9968-705,54.0,43.19,4.7,43.0,81.0
779,DN3577-002,252.0,39.99,4.7,53.0,63.0
780,DJ4978-605,75.0,44.0,4.7,41.0,83.0
781,DJ5593-041,73.0,46.0,4.1,16.0,76.0
782,FB2207-100,16.0,45.83,4.8,25.0,100.0
783,DZ2544-100,22.0,62.12,4.2,43.0,57.0
784,DX4361-002,13.0,74.21,4.8,50.0,88.0
785,DV5475-300,9.0,56.81,4.7,38.0,88.0
786,DZ3338-106,8.0,57.17,4.6,50.0,84.0
787,CD4382-400,31.0,38.89,4.9,15.0,92.0
788,FN6616-800,13.0,83.33,4.9,50.0,100.0
789,DX5635-002,1.0,75.0,1,,50.0
790,FD0670-001,11.0,50.0,4.5,,50.0
791,CD4382-600,31.0,38.89,4.9,15.0,92.0
792,DD9465-600,34.0,32.94,4.4,20.0,70.0
793,FN6746-904,,,,,
794,DD9304-602,171.0,41.09,4.5,40.0,78.0
795,FQ8732-010,6.0,83.33,5,50.0,100.0
796,DO1925-130,327.0,49.63,4.9,56.0,88.0
797,FQ8971-600,2.0,75.0,4,50.0,75.0
798,DZ2946-100,1.0,83.33,3,50.0,100.0
799,DJ5423-300,201.0,45.16,4.8,39.0,92.0
800,FZ3620-001,0.0,,0,,
801,DJ5167-300,0.0,,0,,
802,FD0808-001,13.0,57.38,4.8,34.0,92.0
803,864349-302,55.0,48.18,4.6,46.0,84.0
804,DX4981-103,21.0,73.0,4.8,50.0,69.0
805,DJ6520-001,11.0,75.0,4.9,50.0,100.0
806,FD1162-600,1.0,100.0,4,100.0,100.0
807,DZ3183-100,5.0,,3.6,,
808,DO6294-002,3.0,41.66,4.7,,50.0
809,DM8019-004,16.0,60.0,3.8,45.0,75.0
810,DJ5633-600,8.0,75.0,4.3,50.0,100.0
811,DX0024-100,1.0,83.33,4,50.0,100.0
812,CW7586-100,9.0,61.11,5,50.0,100.0
813,FN6594-002,0.0,,0,,
814,DM0174-302,79.0,73.0,4.6,53.0,93.0
815,DZ9360-007,3.0,61.11,4,50.0,100.0
816,FB8895-600,,,,,
817,FJ0850-001,0.0,,0,,
818,FB2907-100,0.0,,0,,
819,FD6255-102,0.0,,0,,
820,DJ5627-300,10.0,53.33,4.2,50.0,100.0
821,FJ8893-900,,,,,
822,921826-011,1291.0,43.13,4.8,45.0,83.0
823,FN6750-900,,,,,
824,DC7232-001,50.0,38.0,4.2,41.0,67.0
825,DM3413-002,267.0,46.37,4.3,45.0,84.0
826,DO7625-001,49.0,47.72,4.5,50.0,85.0
827,FJ2253-901,,,,,
828,DJ5963-600,76.0,27.96,4.7,32.0,44.0
829,DV5473-001,3.0,66.89,5,50.0,84.0
830,CD0197-006,96.0,46.49,4.5,45.0,83.0
831,DV3892-900,,,,,
832,FD0762-800,15.0,69.11,4.3,75.0,79.0
833,FJ1213-106,7.0,75.0,4.7,50.0,100.0
834,DX5257-900,,,,,
835,DN2647-651,7.0,60.76,4.3,84.0,84.0
836,DD9475-705,0.0,,0,,
837,CW3406-004,66.0,49.5,4.2,29.0,70.0
838,DO7424-900,,,,,
839,DJ6606-001,38.0,39.51,4.3,13.0,95.0
840,DZ4353-160,28.0,67.95,4.8,46.0,90.0
841,DM1206-174,26.0,69.74,4.7,52.0,88.0
842,CZ1884-004,581.0,46.85,4.6,46.0,93.0
843,FQ8077-104,4.0,75.33,4,63.0,88.0
844,DC8418-104,320.0,48.71,4.8,50.0,93.0
845,DC8753-100,83.0,25.4,4.6,25.0,50.0
846,DV3892-900,,,,,
847,CD4385-400,21.0,75.5,4.2,61.0,90.0
848,DD0007-900,16.0,41.08,3.4,23.0,94.0
849,394055-001,49.0,50.73,4.6,42.0,100.0
850,FB8889-100,2.0,75.0,5,50.0,75.0
851,A03938C-206,0.0,,0,,
852,CT2357-100,365.0,64.5,4.3,46.0,83.0
853,DR5540-002,30.0,49.67,4.4,43.0,96.0
854,DM0829-301,294.0,53.06,4.6,55.0,95.0
855,CW3400-001,275.0,46.33,4.8,48.0,87.0
856,DX5636-002,0.0,,0,,
857,DD0529-002,4.0,75.0,3.8,50.0,100.0
858,DM0823-101,21.0,49.6,4,50.0,75.0
859,FB8885-100,1.0,83.33,5,50.0,100.0
860,DX5261-902,,,,,
861,DM0103-003,93.0,46.08,4.5,54.0,81.0
862,FB8132-100,1.0,83.33,5,50.0,100.0
863,DV0806-102,30.0,48.67,4.7,46.0,90.0
864,DZ4637-001,1.0,83.33,5,50.0,100.0
865,DV4336-040,6.0,54.33,4.3,25.0,88.0
866,FQ7148-900,,,,,
867,DZ7740-800,1.0,83.33,5,50.0,100.0
868,DV3258-103,17.0,43.59,4.1,37.0,82.0
869,DA7245-011,267.0,49.0,4.6,49.0,92.0
870,FB1378-001,18.0,51.85,4.9,50.0,100.0
871,DM3004-001,4.0,47.33,3.8,50.0,67.0
872,168817C-102,1.0,100.0,4,100.0,100.0
873,FJ2843-100,372.0,49.74,4.7,50.0,89.0
874,DD6203-003,359.0,46.61,4.6,47.0,92.0
875,DD9293-003,158.0,44.41,4.6,43.0,82.0
876,FJ4036-900,,,,,
877,DD1579-103,38.0,47.54,4.3,57.0,83.0
878,DZ3407-800,10.0,71.33,4.9,44.0,100.0
879,DD9538-012,193.0,48.9,4.8,47.0,94.0
880,DV1734-100,4.0,62.5,3.5,50.0,75.0
881,DC8751-800,115.0,49.7,4.7,50.0,93.0
882,DZ5943-100,0.0,,0,,
883,FJ8896-900,,,,,
884,DC7695-102,17.0,48.92,4.9,47.0,88.0
885,DH0623-400,91.0,54.19,4.7,50.0,95.0
886,DZ5952-100,0.0,,0,,
887,DX3946-100,2.0,,5,,
888,DV2757-201,72.0,46.76,4.3,40.0,85.0
889,DX4397-170,17.0,78.41,4.8,50.0,97.0
890,FB9728-600,0.0,,0,,
891,AQ1199-001,13.0,60.0,4.1,42.0,78.0
892,HF0795-101,,,,,
893,DR8785-401,252.0,44.41,4.5,38.0,75.0
894,FB2382-900,,,,,
895,DO9387-001,8.0,75.0,4.5,70.0,80.0
896,DR0508-001,5.0,40.0,4,20.0,60.0
897,DM0029-105,429.0,48.12,4.9,48.0,91.0
898,DM0825-103,469.0,44.56,4.7,46.0,83.0
899,DX3666-005,7.0,81.0,4.7,50.0,93.0
900,FQ9044-800,1.0,75.0,4,,50.0
901,FQ0205-133,2.0,75.0,4.5,50.0,75.0
902,DM9015-105,1.0,75.0,1,50.0,100.0
903,CT6649-414,88.0,42.05,4.7,50.0,75.0
904,DA5457-010,0.0,,0,,
905,FJ1683-100,4.0,79.33,5,50.0,88.0
906,DJ6258-100,65.0,44.21,4.3,39.0,89.0
907,DA5455-616,10.0,59.33,4.5,50.0,78.0
908,DZ2906-600,2.0,58.33,4,25.0,50.0
909,DV0804-200,7.0,54.76,4.9,50.0,100.0
910,DQ9624-400,28.0,55.95,4.9,50.0,100.0
911,DH2987-112,525.0,42.49,4.7,56.0,69.0
912,DJ6521-002,19.0,,4.9,,
913,DX7998-700,14.0,50.0,3.8,,50.0
914,DR2693-300,134.0,48.91,4.7,50.0,90.0
915,DJ6517-001,2.0,75.0,5,50.0,100.0
916,DM0259-900,1.0,50.0,4,,50.0
917,DV3276-600,7.0,64.62,4.6,67.0,84.0
918,DX5266-902,,,,,
919,CT1726-100,127.0,43.05,4.5,42.0,84.0
920,CQ9179-100,115.0,43.62,4.7,55.0,75.0
921,DM3494-301,153.0,46.96,4.8,49.0,86.0
922,805899-202,107.0,54.98,4.5,56.0,94.0
923,FJ0980-001,1.0,83.33,5,50.0,100.0
924,DX7999-100,10.0,42.67,4.4,13.0,75.0
925,DC8185-010,57.0,49.18,4.5,49.0,88.0
926,CW7635-991,,,,,
927,DD9472-040,53.0,34.92,4.7,34.0,67.0
928,DA5456-001,15.0,58.56,4.6,47.0,82.0
929,FQ8829-100,0.0,,0,,
930,DJ7883-300,58.0,67.17,4.5,47.0,89.0
931,DQ1872-001,3.0,50.0,5,,50.0
932,DV5477-600,50.0,53.67,4.7,42.0,89.0
933,FZ0814-900,,,,,
934,DV1403-002,20.0,46.33,4.5,32.0,82.0
935,FB9891-100,16.0,81.33,4.9,50.0,94.0
936,DJ6519-104,1.0,66.67,5,50.0,50.0
937,DV2273-900,,,,,
938,AT5889-407,64.0,45.71,4.6,39.0,95.0
939,DV3278-700,10.0,44.0,2.6,50.0,72.0
940,DJ3056-004,65.0,47.18,4.5,49.0,91.0
941,CW1648-003,297.0,48.11,4.6,58.0,86.0
942,FD0088-100,0.0,,0,,
943,DA1105-400,163.0,48.48,4.5,53.0,90.0
944,,,,,,
945,416355-001,601.0,47.5,4.5,52.0,89.0
946,DO9328-004,136.0,43.29,4.5,45.0,79.0
947,DX9428-003,17.0,49.22,4.8,50.0,80.0
948,DV3908-900,,,,,
949,FV0400-001,0.0,,0,,
950,FJ5464-010,2.0,91.67,4.5,75.0,100.0
951,DV4337-300,9.0,37.04,3.8,50.0,50.0
952,DZ3299-400,9.0,80.0,4.8,45.0,95.0
953,DR2695-600,37.0,47.37,4.6,50.0,84.0
954,DC9835-300,79.0,54.59,4.5,52.0,89.0
955,166800C-001,9.0,57.41,5,50.0,100.0
956,CZ5478-400,159.0,74.5,4.6,59.0,90.0
957,DV2018-600,3.0,61.11,4.7,50.0,100.0
958,DM8465-100,3.0,75.0,5,50.0,100.0
959,FJ1056-100,6.0,61.11,5,50.0,100.0
960,FJ4036-900,,,,,
961,DJ5590-103,2.0,75.0,4.5,50.0,100.0
962,DC8877-200,12.0,83.67,4.9,59.0,92.0
963,DC7695-100,17.0,48.92,4.9,47.0,88.0
964,DA8697-001,195.0,45.84,4.5,50.0,87.0
965,DV6798-001,8.0,53.0,5,34.0,100.0
966,DJ4471-121,0.0,,0,,
967,DD9482-040,9.0,,4.6,,
968,DJ4487-121,8.0,20.83,3.8,25.0,25.0
969,DZ4475-300,121.0,60.56,4.8,51.0,91.0
970,DD0553-002,1.0,100.0,5,,100.0
971,DO7189-100,30.0,53.56,4.8,47.0,87.0
972,DM0886-100,3.0,61.11,3,50.0,100.0
973,FN8406-300,32.0,46.92,4.6,20.0,77.0
974,DZ5961-100,0.0,,0,,
975,DN1856-002,106.0,49.24,4.8,55.0,88.0
976,FN3435-148,1.0,83.33,5,50.0,100.0
977,DD0535-002,0.0,,0,,
978,FB1396-070,23.0,67.54,4.2,48.0,72.0
979,DH9227-101,15.0,35.56,4.2,37.0,63.0
980,DX2670-001,2.0,37.5,2,50.0,25.0
981,DX5643-002,0.0,,0,,
982,FJ8890-905,,,,,
983,CD6404-400,24.0,67.67,4.9,53.0,100.0
984,BQ4639-203,698.0,42.48,4.7,32.0,94.0
985,DV7903-003,93.0,47.55,4.3,47.0,72.0
986,FD0759-133,1.0,66.67,5,50.0,50.0
987,DR6191-103,10.0,61.0,4.8,50.0,93.0
988,CZ6559-110,18.0,51.85,4.2,50.0,100.0
989,DD9315-108,108.0,49.65,4.8,54.0,82.0
990,DJ5598-040,58.0,28.57,4.4,17.0,67.0
991,CW2290-111,78.0,47.75,4.9,52.0,81.0
992,DC9969-600,66.0,42.53,4.7,37.0,83.0
993,CJ8524-401,18.0,87.5,5,75.0,100.0
994,DC4073-003,53.0,47.81,4.7,50.0,84.0
995,DC8466-102,47.0,37.5,4.5,32.0,72.0
996,FN7454-100,0.0,,0,,
997,DZ3744-100,6.0,56.67,4.5,50.0,70.0
998,366683-003,58.0,33.91,4.5,25.0,75.0
999,FD0090-101,0.0,,0,,
1000,DM0106-117,0.0,,0,,
1001,FQ8725-084,0.0,,0,,
1002,DM1106-002,30.0,44.0,3.9,53.0,69.0
1003,FJ1582-130,3.0,67.0,5,50.0,84.0
1004,FD0735-442,5.0,62.5,4.8,25.0,100.0
1005,FN2452-170,0.0,,0,,
1006,CI2964-610,4.0,50.0,4.5,25.0,75.0
1007,FD9081-001,4.0,75.0,4.8,50.0,75.0
1008,DM4044-102,48.0,41.44,4.6,37.0,79.0
1009,DO7432-900,,,,,
1010,DM1120-008,33.0,39.4,4.2,30.0,67.0
1011,DV5468-300,12.0,50.33,3.6,37.0,64.0
1012,DZ3306-100,30.0,61.33,4.8,34.0,100.0
1013,DC1975-001,74.0,75.5,4.9,63.0,88.0
1014,FD3598-001,8.0,54.17,4.1,50.0,100.0
1015,FB2863-600,12.0,81.11,4.7,65.0,95.0
1016,CV5708-010,33.0,40.72,4.4,25.0,82.0
1017,DZ2545-600,2.0,75.0,5,50.0,75.0
1018,DX1165-100,5.0,75.0,5,50.0,100.0
1019,DZ5984-100,0.0,,0,,
1020,DX5644-002,0.0,,0,,
1021,CN0050-100,5.0,56.67,3.2,50.0,100.0
1022,DZ5320-200,12.0,58.56,4.9,50.0,84.0
1023,FN0096-401,2.0,75.0,5,25.0,100.0
1024,DR6966-102,10.0,51.33,4.5,50.0,84.0
1025,FN0234-104,2.0,58.33,4.5,25.0,100.0
1026,DZ6763-102,3.0,78.0,5,50.0,84.0
1027,FD0268-100,1.0,83.33,5,50.0,100.0
1028,DJ6418-001,4.0,64.33,3.5,34.0,84.0
1029,,,,,,
1030,DR2733-400,2.0,50.0,4,50.0,50.0
1031,DM1124-002,62.0,45.91,4.6,30.0,90.0
1032,FB2908-106,1.0,83.33,5,50.0,100.0
1033,AH4000-100,58.0,79.5,4.7,59.0,100.0
1034,456975-001,29.0,58.5,4.3,39.0,78.0
1035,DA1446-100,70.0,47.38,4.6,52.0,83.0
1036,DV3353-001,25.0,14.5,4.8,,25.0
1037,621716-020,514.0,45.53,4.1,52.0,84.0
1038,CW3396-001,159.0,47.05,4.6,50.0,88.0
1039,,,,,,
1040,FV0392-101,0.0,,0,,
1041,FQ3391-010,0.0,,0,,
1042,DR2756-400,7.0,38.1,4.3,25.0,75.0
1043,DQ7674-001,7.0,29.76,4.7,50.0,25.0
1044,DZ6003-100,0.0,,0,,
1045,FB9722-001,1.0,100.0,5,,100.0
1046,CT3550-101,278.0,47.45,4.8,47.0,95.0
1047,FJ4036-900,,,,,
1048,FB2067-003,23.0,74.77,4.5,45.0,88.0
1049,DH7546-101,12.0,66.89,4.3,46.0,88.0
1050,FV3826-001,20.0,66.33,4.9,40.0,84.0
1051,DR2686-001,85.0,52.94,4.7,50.0,90.0
1052,CZ4099-400,564.0,55.5,4.6,39.0,72.0
1053,DV4330-300,1.0,100.0,3,,
1054,FZ3984-900,,,,,
1055,DV4340-040,0.0,,0,,
1056,DJ5605-300,22.0,44.7,4.6,50.0,75.0
1057,DV1202-601,10.0,44.33,4.6,50.0,63.0
1058,DA5456-101,15.0,58.56,4.6,47.0,82.0
1059,DD0550-002,7.0,75.0,4.9,50.0,100.0
1060,DR0455-001,5.0,76.67,5,30.0,100.0
1061,580456-500,38.0,34.54,4.8,34.0,67.0
1062,DD9473-040,29.0,31.45,4.6,17.0,67.0
1063,FN6743-900,,,,,
1064,DV2273-900,,,,,
1065,DZ2522-001,55.0,55.76,4.9,50.0,90.0
1066,CI9923-005,379.0,45.55,4.4,46.0,88.0
1067,DH1537-002,145.0,42.97,4.4,48.0,74.0
1068,DD0204-009,88.0,42.52,3.9,50.0,73.0
1069,DH0956-002,10.0,,4.3,,
1070,DZ3635-900,,,,,
1071,DD9463-300,17.0,53.92,4.6,50.0,100.0
1072,DD9477-300,3.0,66.66,4.7,,100.0
1073,CT0079-101,19.0,50.5,4.5,42.0,59.0
1074,CT2405-606,23.0,66.51,4.4,53.0,90.0
1075,FQ1910-100,0.0,,0,,
1076,FJ0691-100,1.0,100.0,5,,100.0
1077,FZ4655-900,,,,,
1078,DV7775-300,13.0,68.85,4.7,45.0,100.0
1079,FJ8902-900,,,,,
1080,FB8894-002,1.0,75.0,5,,50.0
1081,DZ2927-400,4.0,50.33,3,63.0,63.0
1082,DX5260-900,,,,,
1083,CN9675-100,832.0,44.65,4.7,45.0,88.0
1084,DA7995-400,244.0,47.27,4.6,56.0,85.0
1085,DJ6158-201,316.0,47.76,4.7,44.0,92.0
1086,DD0524-002,1.0,83.33,5,50.0,100.0
1087,FB2906-600,1.0,83.33,5,50.0,100.0
1088,DO9388-006,6.0,48.78,4.5,50.0,63.0
1089,FD1643-300,4.0,67.0,4,38.0,63.0
1090,CZ0931-003,48.0,47.42,4.4,56.0,80.0
1091,DJ5961-600,60.0,39.89,4.3,34.0,84.0
1092,FN6753-900,,,,,
1093,FV1699-801,1.0,66.67,5,50.0,50.0
1094,FZ5758-004,9.0,74.0,4.8,50.0,72.0
1095,,,,,,
1096,FJ4414-200,0.0,,0,,
1097,DC8749-401,37.0,,4.6,,
1098,AO2416-101,2.0,66.67,4.5,50.0,100.0
1099,DM8199-064,0.0,,0,,
1100,DZ0962-002,1.0,83.33,5,50.0,100.0
1101,DZ2617-101,61.0,59.94,4.3,50.0,79.0
1102,FN7400-140,1.0,83.33,5,50.0,100.0
1103,M9160-000,733.0,57.76,4.7,73.0,100.0
1104,DJ6516-012,1.0,75.0,5,50.0,100.0
1105,FB2812-100,3.0,72.22,5,50.0,100.0
1106,DC1460-007,80.0,42.42,4.6,46.0,75.0
1107,DQ9700-900,,,,,
1108,CK9951-004,50.0,46.0,4.2,31.0,73.0
1109,FJ2253-901,,,,,
1110,DH5088-414,3.0,50.22,4.3,34.0,50.0
1111,FD7855-002,0.0,,0,,
1112,DZ0503-002,3.0,52.78,4.7,50.0,75.0
1113,DJ5165-040,2.0,,5,,
1114,DR0126-300,14.0,49.86,4.3,42.0,79.0
1115,CW3203-600,13.0,58.95,4.1,46.0,77.0
1116,DR7882-600,40.0,49.5,4.7,57.0,79.0
1117,DV2436-101,12.0,66.67,4.5,50.0,100.0
1118,FJ4831-900,,,,,
1119,DZ5998-100,0.0,,0,,
1120,FN5714-001,3.0,67.0,5,34.0,67.0
1121,DD1901-600,2.0,75.0,4,,75.0
1122,FN3717-001,0.0,,0,,
1123,DD0531-002,2.0,100.0,5,,100.0
1124,CV0582-010,347.0,60.0,4.8,50.0,70.0
1125,DD9535-004,159.0,44.48,4.4,45.0,79.0
1126,DX5050-200,,,,,
1127,FZ4653-900,,,,,
1128,FJ4004-100,3.0,55.78,3.7,67.0,67.0
1129,FN0569-900,,,,,
1130,DQ1979-500,4.0,75.0,4.3,50.0,100.0
1131,CD7069-160,148.0,51.72,4.8,58.0,85.0
1132,BV1171-100,17.0,,4.7,,
1133,FB2390-900,,,,,
1134,DZ3025-001,2.0,75.0,3,50.0,100.0
1135,DM0573-101,9.0,53.7,3.9,50.0,100.0
1136,CI4510-001,89.0,68.0,4.8,50.0,86.0
1137,CW7356-011,702.0,46.67,4.7,47.0,92.0
1138,DZ2616-800,61.0,59.94,4.3,50.0,79.0
1139,CZ9890-007,56.0,54.5,4.6,36.0,73.0
1140,CJ9179-200,21.0,49.76,4.8,55.0,80.0
1141,846438-997,,,,,
1142,CK6024-002,44.0,41.76,4,45.0,78.0
1143,DO7437-900,,,,,
1144,DX9016-004,6.0,62.67,4.7,50.0,88.0
1145,AV5355-101,19.0,47.75,4.9,50.0,88.0
1146,,,,,,
1147,FQ8822-084,9.0,74.3,4.3,56.0,78.0
1148,FD6692-001,0.0,,0,,
1149,FJ8900-900,,,,,
1150,DQ3984-003,121.0,51.74,4.7,48.0,94.0
1151,DN3687-002,137.0,44.49,4.7,44.0,88.0
1152,FJ6805-001,10.0,61.0,4.8,39.0,84.0
1153,CT3886-301,253.0,40.47,4.7,34.0,87.0
1154,FN0113-200,1.0,66.67,5,50.0,50.0
1155,DV6801-701,2.0,75.0,5,50.0,100.0
1156,DX4233-001,9.0,57.41,5,50.0,100.0
1157,FN0569-900,,,,,
1158,DJ5629-605,14.0,42.43,4.4,25.0,88.0
1159,DJ5969-040,4.0,,3.5,,
1160,DJ6015-603,113.0,42.1,4.6,40.0,81.0
1161,,,,,,
1162,DQ7673-003,47.0,42.01,4.4,41.0,68.0
1163,DN3686-105,52.0,46.59,4.8,50.0,84.0
1164,FJ8900-900,,,,,
1165,CT6648-010,10.0,39.67,3.8,50.0,59.0
1166,FJ7098-701,8.0,81.67,4.8,63.0,82.0
1167,DX5049-900,,,,,
1168,DD9441-040,6.0,47.22,4.5,75.0,50.0
1169,DR6851-100,0.0,,0,,
1170,DN3555-600,152.0,41.61,4.4,36.0,77.0
1171,DR1020-400,0.0,,0,,
1172,FN0569-900,,,,,
1173,FD1164-600,0.0,,0,,
1174,FN0569-900,,,,,
1175,DD9284-400,220.0,47.7,4.5,51.0,88.0
1176,DZ5999-100,1.0,83.33,5,50.0,100.0
1177,,,,,,
1178,DR0453-005,76.0,54.12,4.5,48.0,92.0
1179,DV5255-200,7.0,61.95,4.9,59.0,84.0
1180,CZ7399-330,24.0,44.5,4.5,34.0,87.0
1181,DZ5941-100,2.0,83.33,5,50.0,100.0
1182,,,,,,
1183,DN5079-300,1.0,75.0,5,50.0,100.0
1184,FN0569-900,,,,,
1185,CU1722-960,,,,,
1186,,,,,,
1187,DZ5966-100,0.0,,0,,
1188,862507-201,25.0,55.33,4.1,57.0,81.0
1189,FN8405-600,50.0,46.0,4.3,23.0,79.0
1190,FB8877-200,2.0,50.0,3.5,50.0,50.0
1191,FJ8915-400,3.0,78.0,5,34.0,100.0
1192,FD9781-900,,,,,
1193,A05685C-650,0.0,,0,,
1194,FB1374-101,20.0,75.0,4,50.0,100.0
1195,FQ8075-133,2.0,,4.5,,
1196,CW0784-161,434.0,50.31,4.8,53.0,97.0
1197,FD6812-400,109.0,61.82,4.9,49.0,86.0
1198,FN6840-657,3.0,72.33,5,50.0,67.0
1199,DZ0502-401,3.0,61.33,4.3,17.0,67.0
1200,,,,,,
1201,DX5883-100,119.0,49.85,4.6,59.0,83.0
1202,922474-001,32.0,44.71,3.7,43.0,88.0
1203,DH3392-004,36.0,40.11,4.4,39.0,73.0
1204,DX5637-002,0.0,,0,,
1205,DX1800-160,4.0,71.0,4.5,88.0,100.0
1206,DV1206-100,14.0,54.57,4.7,56.0,72.0
1207,DH5359-400,15.0,75.0,4.8,50.0,100.0
1208,DH3394-008,27.0,52.47,4.2,50.0,100.0
1209,CZ2959-402,122.0,43.31,4.8,46.0,79.0
1210,DA8535-001,167.0,48.6,4.5,48.0,93.0
1211,HF0004-900,,,,,
1212,DZ7739-700,1.0,83.33,5,50.0,100.0
1213,525393-770,0.0,,0,,
1214,FN6749-906,,,,,
1215,DM0590-100,59.0,60.86,4.6,47.0,100.0
1216,FD0204-001,2.0,50.0,3.5,50.0,50.0
1217,FB8875-700,8.0,67.0,4.6,59.0,67.0
1218,FB1950-001,10.0,58.67,3.3,61.0,65.0
1219,DC8725-101,23.0,51.45,4.9,50.0,100.0
1220,DJ5603-040,43.0,31.55,4.3,20.0,70.0
1221,922471-900,24.0,48.5,3.8,48.0,85.0
1222,828654-900,17.0,75.0,3.6,63.0,87.0
1223,FB2390-900,,,,,
1224,,,,,,
1225,DX5638-002,0.0,,0,,
1226,DV2114-001,2.0,58.33,4.5,50.0,75.0
1227,AT6178-010,28.0,52.38,4.6,50.0,100.0
1228,AO0808-002,12.0,54.0,4.4,28.0,80.0
1229,HF0004-900,,,,,
1230,CW4555-015,910.0,47.33,4.7,51.0,90.0
1231,DC9093-001,74.0,48.45,4.7,52.0,92.0
1232,DV1376-101,38.0,67.11,4.8,78.0,97.0
1233,CV0584-010,6.0,61.33,4.3,42.0,92.0
1234,DD0552-002,10.0,71.0,4.9,50.0,92.0
1235,DX5209-002,0.0,,0,,
1236,FQ2140-100,0.0,,0,,
1237,AQ1202-900,19.0,59.5,2.8,60.0,59.0
1238,FQ7223-905,,,,,
1239,CW2289-001,299.0,47.23,4.8,51.0,88.0
1240,FN6830-001,1.0,83.33,5,50.0,100.0
1241,FB5058-900,,,,,
1242,DZ5947-100,0.0,,0,,
1243,DH7505-001,111.0,40.23,4.6,45.0,73.0
1244,DM8968-601,80.0,49.0,4.5,50.0,87.0
1245,DR2741-400,8.0,37.5,5,50.0,50.0
1246,FJ0685-010,13.0,52.56,4.3,75.0,75.0
1247,DH4120-101,7.0,52.1,4.7,50.0,92.0
1248,DJ6524-104,74.0,45.57,4.8,34.0,100.0
1249,DC8992-003,51.0,39.31,3.8,45.0,69.0
1250,M9697-410,7.0,75.0,4.9,75.0,75.0
1251,CI2955-160,11.0,52.12,4,40.0,80.0
1252,DR0826-100,6.0,41.11,4.7,10.0,80.0
1253,CQ3835-106,90.0,46.52,4.7,53.0,81.0
1254,DN4180-070,79.0,53.15,4.8,53.0,90.0
1255,FV6149-001,0.0,,0,,
1256,DD9469-300,2.0,,2.5,,
1257,487471-016,,,,,
1258,FN0569-900,,,,,
1259,FB3124-100,2.0,66.67,3,50.0,100.0
1260,FQ4112-001,1.0,83.33,5,50.0,100.0
1261,DJ5631-300,57.0,54.5,4.6,42.0,67.0
1262,DO9801-300,18.0,63.15,4.8,56.0,89.0
1263,DZ5988-100,0.0,,0,,
1264,325256-100,30.0,51.11,4.8,50.0,100.0
1265,DZ5979-100,1.0,83.33,5,50.0,100.0
1266,864349-204,55.0,48.18,4.6,46.0,84.0
1267,FJ4036-900,,,,,
1268,685135-004,22.0,75.0,4.5,50.0,100.0
1269,FJ4036-900,,,,,
1270,CZ9164-100,39.0,53.42,4.9,60.0,90.0
1271,DJ6149-101,135.0,48.99,4.8,53.0,91.0
1272,DV4333-040,14.0,51.24,4.7,34.0,84.0
1273,AV5354-101,36.0,50.93,4.7,50.0,100.0
1274,DJ5962-040,3.0,61.11,4,50.0,100.0
1275,DZ2527-100,0.0,,0,,
1276,FB8895-300,0.0,,0,,
1277,FV8105-161,2.0,83.33,5,75.0,75.0
1278,CI2952-004,2.0,58.33,4,50.0,75.0
1279,FB2394-001,1.0,83.33,5,50.0,100.0
1280,AJ8119-002,6.0,62.5,3.7,50.0,75.0
1281,487754-100,167.0,44.73,4.4,52.0,81.0
1282,DZ7738-700,3.0,78.0,3.3,50.0,84.0
1283,DX5639-002,1.0,50.0,5,50.0,50.0
1284,FJ1581-160,8.0,40.5,3.5,42.0,67.0
1285,DB4109-001,47.0,68.0,4.7,53.0,83.0
1286,FB8881-200,2.0,83.33,5,75.0,75.0
1287,CV0586-616,30.0,51.11,4.8,50.0,100.0
1288,DC5221-041,94.0,42.09,4.6,25.0,97.0
1289,FZ3592-259,0.0,,0,,
1290,FQ9395-600,1.0,83.33,5,50.0,100.0
1291,DZ5986-100,0.0,,0,,
1292,FD1167-600,0.0,,0,,
1293,FV6147-001,0.0,,0,,
1294,AR3762-001,9.0,44.07,4.9,20.0,90.0
1295,,,,,,
1296,DR2018-001,22.0,46.58,4.7,42.0,75.0
1297,FN7481-100,9.0,67.56,4.3,43.0,93.0
1298,CT0550-470,50.0,48.0,4.7,54.0,82.0
1299,FD8701-001,2.0,58.33,4,25.0,50.0
1300,DR0290-001,2.0,50.0,3,50.0,50.0
1301,DM0822-101,100.0,51.0,4.3,56.0,86.0
1302,CZ5914-100,41.0,,4.9,,
1303,DV9956-006,10.0,33.33,4.5,20.0,60.0
1304,DM3493-606,150.0,69.5,4.8,52.0,87.0
1305,,,,,,
1306,FB9152-100,6.0,52.22,4.3,30.0,60.0
1307,FN4442-001,0.0,,0,,
1308,DH3396-001,16.0,46.25,3.9,,80.0
1309,685134-400,13.0,50.0,4.3,,50.0
1310,DN1772-108,214.0,41.96,4.8,35.0,89.0
1311,DM2424-330,5.0,56.67,5,50.0,100.0
1312,FD7039-600,16.0,76.17,4.8,54.0,87.0
1313,DJ5622-300,2.0,83.33,5,50.0,100.0
1314,FN4182-001,1.0,83.33,5,50.0,100.0
1315,FZ3507-100,0.0,,0,,
1316,DD0518-001,0.0,,0,,
1317,FB8902-100,0.0,,0,,
1318,DZ3522-001,20.0,57.33,4.7,46.0,81.0
1319,,,,,,
1320,CK9388-001,236.0,68.5,4.7,47.0,90.0
1321,,,,,,
1322,DZ5980-100,1.0,83.33,5,50.0,100.0
1323,DH2482-101,10.0,48.33,4.6,39.0,56.0
1324,DQ7605-200,17.0,25.5,4.1,34.0,17.0
1325,DV2139-100,18.0,50.0,4.2,50.0,
1326,DJ7552-002,8.0,54.17,5,50.0,100.0
1327,DZ5977-100,0.0,,0,,
1328,DD0549-002,0.0,,0,,
1329,DJ7381-001,27.0,49.9,4.7,50.0,96.0
1330,,,,,,
1331,CU4826-101,200.0,43.0,4.5,43.0,84.0
1332,FN0310-100,0.0,,0,,
1333,DC7501-300,20.0,53.33,4.9,50.0,100.0
1334,FV6911-300,1.0,66.67,5,50.0,50.0
1335,DZ7742-600,1.0,83.33,5,50.0,100.0
1336,FB7815-100,11.0,68.18,4.5,50.0,100.0
1337,FD8356-100,2.0,83.33,5,50.0,100.0
1338,DJ4473-170,1.0,,5,,
1339,,,,,,
1340,CN2269-003,13.0,52.36,4.5,38.0,96.0
1341,FD2291-001,23.0,76.22,4.5,48.0,85.0
1342,DZ5949-100,0.0,,0,,
1343,CU1724-960,,,,,
1344,DV4342-100,6.0,66.67,4.7,50.0,100.0
1345,DZ1725-300,1.0,83.33,4,50.0,100.0
1346,DV2020-001,2.0,37.5,4,25.0,50.0
1347,FD6691-001,0.0,,0,,
1348,DV4344-040,16.0,29.17,4.8,25.0,50.0
1349,DX6779-100,2.0,,2,,
1350,DV2619-100,19.0,75.0,4.6,50.0,100.0
1351,DD0503-002,6.0,75.0,4.3,50.0,100.0
1352,DZ6001-100,4.0,75.0,5,50.0,100.0
1353,FD5113-600,5.0,66.67,4.2,50.0,70.0
1354,DC8892-001,47.0,51.04,4.4,54.0,97.0
1355,FD6693-001,0.0,,0,,
1356,DZ7744-001,3.0,83.33,5,50.0,100.0
1357,FD6853-001,3.0,89.0,4.3,67.0,100.0
1358,DV7896-600,81.0,38.16,4.2,40.0,72.0
1359,DM9132-001,0.0,,0,,
1360,DV7192-001,4.0,58.33,5,75.0,75.0
1361,DZ7746-001,0.0,,0,,
1362,553558-161,1598.0,45.98,4.9,50.0,79.0
1363,,,,,,
1364,HF5258-102,0.0,,0,,
1365,DD0505-002,2.0,62.5,5,25.0,100.0
1366,FN2152-001,0.0,,0,,
1367,FB8942-133,5.0,,4.6,,
1368,FD1168-600,0.0,,0,,
1369,DV7186-301,5.0,63.33,4.8,50.0,100.0
1370,FB2664-600,0.0,,0,,
1371,DO6676-200,1.0,75.0,5,50.0,100.0
1372,DX5645-002,0.0,,0,,
1373,DD0555-002,0.0,,0,,
1374,DZ6002-100,0.0,,0,,
1375,FN0569-900,,,,,
1376,CW6539-301,128.0,57.0,4.7,47.0,67.0
1377,DA5457-001,0.0,,0,,
1378,DX7992-700,16.0,57.42,4.9,57.0,84.0
1379,DZ2554-001,8.0,76.83,5,43.0,100.0
1380,342964-042,272.0,33.7,4.8,20.0,80.0
1381,FV3928-101,1.0,83.33,5,50.0,100.0
1382,CN9675-015,832.0,44.65,4.7,45.0,88.0
1383,DA0701-002,16.0,67.0,4.8,50.0,84.0
1384,DO5047-407,19.0,64.89,4.8,42.0,79.0
1385,DX1156-101,12.0,48.44,4.2,55.0,82.0
1386,DH0606-002,13.0,75.0,4.6,50.0,100.0
1387,BQ3378-100,4.0,,4.5,,
1388,DD9483-040,14.0,,4.8,,
1389,DX7435-007,2.0,50.0,3.5,50.0,50.0
1390,AH8050-107,3010.0,42.77,4.7,43.0,84.0
1391,DH1270-100,85.0,40.39,4.6,38.0,82.0
1392,,,,,,
1393,DZ4558-100,2.0,83.33,5,75.0,75.0
1394,DH9522-003,298.0,42.34,4.6,40.0,83.0
1395,849559-100,206.0,46.67,3.8,41.0,83.0
1396,DV1407-100,2.0,75.0,5,50.0,75.0
1397,DV2621-200,8.0,63.0,4.6,38.0,88.0
1398,DV3907-900,,,,,
1399,,,,,,
1400,DD0507-002,0.0,,0,,
1401,,,,,,
1402,DZ5992-100,0.0,,0,,
1403,FB8891-001,0.0,,0,,
1404,,,,,,
1405,FN3414-100,7.0,77.38,5,75.0,100.0
1406,FB2390-900,,,,,
1407,FV6148-001,0.0,,0,,
1408,DX2117-001,1.0,100.0,5,100.0,100.0
1409,DD0534-002,5.0,,4.2,,
1410,FN0112-600,3.0,39.11,3,50.0,34.0
1411,DJ3130-002,158.0,49.86,4.7,43.0,99.0
1412,A04955C-101,0.0,,0,,
1413,DM8449-001,3.0,50.16,4.3,,67.0
1414,DD5016-300,38.0,47.6,4.5,53.0,74.0
1415,DD9476-040,4.0,,4.8,,
1416,DA8026-100,66.0,43.84,4.6,48.0,82.0
1417,DH7561-107,99.0,80.0,4.8,60.0,100.0
1418,DX3576-001,8.0,,4.8,,
1419,DZ7741-001,3.0,83.33,5,50.0,100.0
1420,FD0734-442,4.0,75.0,5,50.0,100.0
1421,FJ9532-101,10.0,71.67,4.7,45.0,100.0
1422,CV0400-400,32.0,45.71,4.9,42.0,92.0
1423,DR9926-700,1.0,75.0,5,50.0,100.0
1424,DX8554-001,9.0,55.81,5,39.0,84.0
1425,DZ0482-001,7.0,61.0,4.6,43.0,79.0
1426,FD0789-600,8.0,61.5,4.6,36.0,86.0
1427,,,,,,
1428,CT0079-400,19.0,50.5,4.5,42.0,59.0
1429,322992-131,1405.0,38.43,4.8,36.0,79.0
1430,DV0797-100,16.0,40.62,4.6,,75.0
1431,,,,,,
1432,942836-003,415.0,46.69,4.6,44.0,91.0
1433,DA1174-705,41.0,36.48,4.4,32.0,75.0
1434,FQ8784-100,0.0,,0,,
1435,DZ2672-101,8.0,68.83,4.4,44.0,75.0
1436,DV7231-001,2.0,66.67,5,50.0,100.0
1437,DM0033-001,30.0,55.0,3.8,50.0,60.0
1438,FN0569-900,,,,,
1439,,,,,,
1440,DV0790-001,4.0,58.33,5,50.0,75.0
1441,DC8793-401,178.0,45.71,4.7,48.0,88.0
1442,FV5914-010,1.0,83.33,5,50.0,100.0
1443,CW4440-011,37.0,50.0,4.4,,50.0
1444,DA3130-241,236.0,62.0,4.7,42.0,82.0
1445,DD0538-002,1.0,,5,,
1446,DH0649-600,53.0,73.0,4.2,56.0,90.0
1447,CZ8482-054,85.0,46.57,4.5,48.0,87.0
1448,CU9978-101,149.0,41.9,4.5,42.0,79.0
1449,,,,,,
1450,DV4341-300,3.0,61.11,4.7,50.0,100.0
1451,DZ5991-100,0.0,,0,,
1452,FQ8825-100,3.0,44.44,5,50.0,50.0
1453,DR9513-400,9.0,75.0,4.7,50.0,100.0
1454,DJ4888-100,1.0,83.33,5,50.0,100.0
1455,FD0089-101,0.0,,0,,
1456,DQ6453-400,5.0,70.0,4.4,50.0,100.0
1457,FN6743-900,,,,,
1458,CT2904-002,38.0,46.23,4.2,33.0,82.0
1459,DJ6080-800,22.0,69.5,4.1,46.0,93.0
1460,DD0506-002,9.0,70.0,4.4,40.0,100.0
1461,,,,,,
1462,FJ0698-100,6.0,69.56,4.8,50.0,92.0
1463,DH9638-600,17.0,45.0,3,50.0,40.0
1464,FD5088-200,10.0,54.0,4.9,43.0,65.0
1465,DV1237-601,227.0,49.04,4.5,46.0,91.0
1466,DC3727-200,52.0,48.97,4.6,57.0,88.0
1467,FD1160-600,0.0,,0,,
1468,DZ5945-100,0.0,,0,,
1469,HF0004-900,,,,,
1470,CU6312-100,2.0,75.0,5,50.0,100.0
1471,FN6835-010,3.0,61.22,3.7,50.0,67.0
1472,FB2390-900,,,,,
1473,DZ5955-100,0.0,,0,,
1474,DV6799-007,6.0,61.33,4.3,34.0,100.0
1475,DV9193-001,0.0,,0,,
1476,,,,,,
1477,DZ5355-126,0.0,,0,,
1478,454350-700,408.0,48.9,4.7,49.0,95.0
1479,CZ9907-200,75.0,40.89,4.3,39.0,77.0
1480,,,,,,
1481,DZ5978-100,0.0,,0,,
1482,DX4980-001,5.0,60.0,5,60.0,60.0
1483,DD6958-001,183.0,39.76,4.7,42.0,74.0
1484,DV7898-001,4.0,50.0,3.8,25.0,75.0
1485,FB9120-160,0.0,,0,,
1486,,,,,,
1487,FB2239-002,29.0,54.8,4.2,19.0,73.0
1488,DZ6005-100,0.0,,0,,
1489,DC3637-160,106.0,69.5,4.5,50.0,89.0
1490,CZ1929-200,22.0,72.0,4.7,53.0,91.0
1491,537732-004,160.0,66.0,4.6,41.0,91.0
1492,FN3720-900,1.0,83.33,5,50.0,100.0
1493,FJ8893-900,,,,,
1494,DZ5968-100,0.0,,0,,
1495,,,,,,
1496,FD0278-001,0.0,,0,,
1497,DQ7684-101,3.0,78.0,5,50.0,84.0
1498,CI1172-601,98.0,64.5,4.6,50.0,79.0
1499,DZ6004-100,0.0,,0,,
1500,DQ4128-155,1.0,83.33,5,50.0,100.0
1501,DZ2615-001,28.0,51.67,4.6,50.0,80.0
1502,FV6079-001,1.0,83.33,5,50.0,100.0
1503,FJ4022-025,6.0,55.67,3.5,42.0,75.0
1504,DD0532-002,2.0,50.0,4.5,,50.0
1505,806561-400,15.0,69.0,4.7,50.0,88.0
1506,DZ3324-003,11.0,68.18,3.8,61.0,89.0
1507,FB7076-100,0.0,,0,,
1508,DZ3674-100,9.0,52.78,4.6,50.0,75.0
1509,FB8900-001,2.0,66.67,3.5,50.0,100.0
1510,CW6999-600,92.0,49.09,4.9,53.0,91.0
1511,DV0794-001,13.0,55.46,4.9,63.0,88.0
1512,FQ6474-100,0.0,,0,,
1513,DX5575-700,119.0,58.96,4.4,65.0,85.0
1514,685131-004,23.0,35.78,4.2,42.0,61.0
1515,FD7039-101,16.0,76.17,4.8,54.0,87.0
1516,DX1978-101,33.0,59.44,4.6,48.0,97.0
1517,FJ6245-002,4.0,21.0,3.5,,17.0
1518,DO7432-900,,,,,
1519,322992-067,1405.0,38.43,4.8,36.0,79.0
1520,DV0833-600,214.0,50.19,4.8,48.0,82.0
1521,DZ5956-100,0.0,,0,,
1522,DJ6229-200,1.0,,4,,
1523,FB9761-300,10.0,75.0,4.7,40.0,85.0
1524,DZ4839-001,4.0,50.0,5,25.0,100.0
1525,FB8915-400,6.0,78.0,4.7,42.0,92.0
1526,DV3050-300,2.0,75.0,5,50.0,100.0
1527,DZ5951-100,2.0,83.33,5,50.0,100.0
1528,CU3517-014,132.0,29.84,4.6,25.0,63.0
1529,HF0004-900,,,,,
1530,FQ7724-106,0.0,,0,,
1531,DV6800-110,1.0,66.67,4,50.0,50.0
1532,DC6083-200,2.0,62.5,5,50.0,75.0
1533,DD0525-002,8.0,75.0,4.8,50.0,100.0
1534,FJ4923-008,33.0,67.92,5,48.0,80.0
1535,FB9619-001,0.0,,0,,
1536,CZ5911-100,132.0,22.84,4.8,17.0,50.0
1537,DD2858-001,22.0,59.09,4,63.0,87.0
1538,FD1146-100,112.0,48.15,4.6,58.0,82.0
1539,DZ5954-100,0.0,,0,,
1540,DZ5959-100,0.0,,0,,
1541,AA1204-400,13.0,57.5,3.9,37.0,78.0
1542,DD0537-002,1.0,,5,,
1543,FN6881-100,26.0,64.33,4.8,54.0,89.0
1544,,,,,,
1545,FZ0815-900,,,,,
1546,FD7674-001,9.0,79.67,5,50.0,89.0
1547,DZ5973-100,0.0,,0,,
1548,DZ5317-121,6.0,44.56,3.7,50.0,67.0
1549,DD0522-002,4.0,54.5,3.8,25.0,84.0
1550,DX5640-002,0.0,,0,,
1551,DM0107-500,8.0,58.33,4.8,57.0,93.0
1552,FB9128-100,2.0,66.67,5,50.0,100.0
1553,DD9361-212,2.0,50.0,5,50.0,50.0
1554,DZ0795-102,5.0,46.67,4.8,25.0,75.0
1555,DN4890-700,6.0,55.56,3.5,75.0,75.0
1556,DX4976-100,8.0,67.0,4.8,38.0,63.0
1557,CZ6558-110,25.0,,4.4,,
1558,FN7439-133,4.0,71.0,4.5,50.0,63.0
1559,DZ5944-100,0.0,,0,,
1560,FN3721-200,0.0,,0,,
1561,DZ4135-002,20.0,55.67,4,63.0,59.0
1562,,,,,,
1563,DD0518-002,0.0,,0,,
1564,687977-020,389.0,,4.8,,
1565,DZ5972-100,2.0,75.0,5,25.0,100.0
1566,FD8637-600,7.0,69.0,3.9,50.0,88.0
1567,BV2078-100,250.0,32.87,4.4,34.0,63.0
1568,DZ7260-400,4.0,66.67,4.8,50.0,100.0
1569,DO9500-300,555.0,47.48,4.6,50.0,91.0
1570,FV6909-800,,,,,
1571,FD5088-001,10.0,54.0,4.9,43.0,65.0
1572,CZ0790-001,675.0,69.01,4.8,53.0,77.0
1573,,,,,,
1574,FB2392-900,,,,,
1575,FN0708-400,0.0,,0,,
1576,,,,,,
1577,FQ8740-480,0.0,,0,,
1578,DZ0961-002,0.0,,0,,
1579,,,,,,
1580,DV9367-100,20.0,58.0,4.9,50.0,94.0
1581,DZ5969-100,0.0,,0,,
1582,DQ7688-170,4.0,58.33,5,50.0,100.0
1583,FJ2708-001,0.0,,0,,
1584,FQ8749-010,23.0,77.0,4.6,59.0,72.0
1585,FV8106-181,7.0,67.9,5,59.0,59.0
1586,,,,,,
1587,FJ4451-100,4.0,75.0,5,50.0,100.0
1588,FN6838-012,5.0,63.33,4.6,30.0,80.0
1589,FQ2145-100,0.0,,0,,
1590,CU3958-002,50.0,46.33,4.7,50.0,87.0
1591,DV0791-200,10.0,49.33,4.6,50.0,88.0
1592,FJ2985-001,3.0,75.0,5,50.0,100.0
1593,FN6843-100,17.0,57.02,4.9,46.0,78.0
1594,FZ5056-103,0.0,,0,,
1595,,,,,,
1596,BQ9646-004,657.0,42.38,4.5,45.0,82.0
1597,FB7143-403,0.0,,0,,
1598,DD0533-002,3.0,67.0,4.3,50.0,84.0
1599,DN2647-100,7.0,60.76,4.3,84.0,84.0
1600,DX5211-002,0.0,,0,,
1601,DM0028-400,55.0,52.58,4.8,41.0,84.0
1602,CW6539-100,129.0,38.93,4.7,50.0,66.0
1603,DD0536-002,2.0,50.0,4,,50.0
1604,AO7507-001,18.0,44.19,4.1,47.0,80.0
1605,FQ1099-200,0.0,inf,0,50.0,100.0
1606,DZ7747-001,1.0,100.0,5,100.0,100.0
1607,FV3628-031,4.0,87.67,5,63.0,100.0
1608,DV1235-100,5.0,56.67,4.8,50.0,100.0
1609,DR9922-700,7.0,60.0,5,40.0,80.0
1610,FD0731-001,4.0,83.33,5,50.0,100.0
1611,DZ5995-001,0.0,,0,,
1612,DD0521-001,0.0,,0,,
1613,DZ5976-001,0.0,,0,,
1614,DR2034-400,0.0,,0,,
1615,DD0554-002,3.0,75.0,5,50.0,100.0
1616,DD0510-002,2.0,50.0,3,,50.0
1617,DD0526-002,3.0,50.11,4.3,17.0,100.0
1618,DD0540-002,2.0,75.0,3.5,,100.0
1619,DD0539-002,6.0,75.0,4.7,50.0,100.0
1620,DD0517-002,1.0,100.0,4,,100.0
1621,DD0543-002,3.0,75.0,5,50.0,100.0
1622,DD0504-002,8.0,47.5,4.6,30.0,100.0
1623,DD0528-002,3.0,67.0,4.7,34.0,100.0
1624,DD0511-002,2.0,75.0,3,50.0,100.0
1625,DD0551-002,1.0,75.0,5,50.0,100.0
1626,DD0527-002,3.0,75.0,4.7,50.0,100.0
1627,DD0513-002,3.0,61.11,5,50.0,100.0
1628,DD0545-002,1.0,83.33,5,50.0,100.0
1629,DD0556-002,3.0,75.0,4.7,50.0,100.0
1630,DD0530-002,1.0,83.33,5,50.0,100.0
1631,DD0542-002,14.0,45.1,4.4,35.0,86.0
1632,DD0523-002,9.0,67.0,4.4,34.0,100.0
1633,DD0508-002,1.0,50.0,3,,50.0
1634,DD0515-002,4.0,100.0,4.8,,100.0
1635,DD0544-002,0.0,,0,,
1636,DD0546-002,4.0,58.33,4.8,50.0,100.0
1637,DD0547-002,8.0,71.5,4.9,50.0,93.0
1638,DD0516-002,3.0,66.89,5,34.0,100.0
1639,DD0514-002,2.0,75.0,4,50.0,100.0
1640,DD0512-002,2.0,100.0,3,,100.0
1641,DD0521-002,0.0,,0,,
1642,DD0520-002,4.0,63.0,4,38.0,88.0
1643,DD0541-002,3.0,,4.3,,
1644,DD0509-002,0.0,,0,,
1645,FQ2982-401,2.0,83.33,5,50.0,100.0
1646,DQ6400-300,5.0,66.0,4.8,50.0,88.0
1647,DH6991-001,2.0,62.5,5,25.0,100.0
1648,DH6996-002,1.0,83.33,5,50.0,100.0
1649,DH6994-002,0.0,,0,,
1650,DH6995-002,1.0,,1,,
1651,DH6990-002,0.0,,0,,
1652,DH6993-002,0.0,,0,,
1653,DH6992-002,1.0,75.0,5,50.0,100.0
1654,DH6971-002,2.0,75.0,5,50.0,100.0
1655,DH7000-002,0.0,,0,,
1656,DH6991-002,2.0,62.5,5,25.0,100.0
1657,DH6983-002,10.0,50.0,4.9,40.0,100.0
1658,DH6984-002,3.0,55.89,5,17.0,84.0
1659,DH7001-002,5.0,64.0,4,38.0,90.0
1660,DH6979-002,1.0,100.0,5,,100.0
1661,DH6974-002,0.0,,0,,
1662,DH6982-002,4.0,50.33,4,38.0,88.0
1663,DH6998-002,1.0,75.0,5,50.0,100.0
1664,DH6973-002,2.0,62.5,4.5,25.0,100.0
1665,DH6988-002,0.0,,0,,
1666,DH6986-002,0.0,,0,,
1667,DH6976-002,2.0,62.5,5,25.0,100.0
1668,DH6977-002,0.0,,0,,
1669,DH6989-002,0.0,,0,,
1670,DH6978-002,0.0,,0,,
1671,DH6985-002,0.0,,0,,
1672,DH6987-002,0.0,,0,,
1673,DH7002-002,1.0,,5,,
