,count_of_sizes,color_black,color_blue,color_white,color_red,other_color,product_code
0,13,1.0,0.0,1.0,0.0,,DD1503-101
1,15,1.0,1.0,1.0,1.0,brown,DX9176-101
2,15,1.0,1.0,1.0,0.0,pink,DH3158-107
3,15,1.0,1.0,1.0,0.0,green,DZ7736-002
4,13,1.0,1.0,1.0,0.0,orange,DZ2628-102
5,11,1.0,0.0,1.0,1.0,purple,DV3950-601
6,15,1.0,0.0,1.0,0.0,brown,DZ2537-603
7,15,1.0,1.0,1.0,0.0,pink,CZ1055-100
8,15,1.0,0.0,1.0,0.0,,DC4769-102
9,15,1.0,0.0,1.0,1.0,brown,DV3854-100
10,7,1.0,0.0,1.0,0.0,purple,FV3635-171
11,12,1.0,1.0,1.0,1.0,brown,DM7590-100
12,15,1.0,0.0,1.0,1.0,pink,DH3161-100
13,12,1.0,0.0,1.0,1.0,purple,DR2670-006
14,15,1.0,1.0,1.0,0.0,purple,DR2660-001
15,14,1.0,0.0,1.0,0.0,pink,FD3148-001
16,15,1.0,1.0,1.0,0.0,brown,CD5432-101
17,15,1.0,0.0,1.0,0.0,pink,FB2208-100
18,15,1.0,0.0,1.0,0.0,,FD2292-100
19,20,1.0,1.0,0.0,0.0,brown,FB2348-700
20,15,1.0,0.0,1.0,0.0,brown,DR9761-800
21,15,1.0,1.0,1.0,1.0,gold,FQ8886-100
22,15,1.0,0.0,1.0,0.0,,DZ2794-700
23,15,1.0,0.0,1.0,0.0,orange,FD2196-100
24,15,1.0,0.0,1.0,0.0,brown,DD9682-102
25,13,1.0,0.0,1.0,0.0,,FD0736-101
26,9,1.0,0.0,0.0,0.0,olive,FB9927-200
27,11,1.0,0.0,1.0,0.0,gold,FV3634-181
28,14,1.0,1.0,1.0,0.0,gold,FB8502-100
29,9,1.0,1.0,1.0,1.0,pink,FB8455-001
30,3,0.0,0.0,1.0,1.0,orange,FQ8876-618
31,15,1.0,1.0,1.0,1.0,green,DM9922-002
32,15,1.0,0.0,1.0,1.0,gold,DD1869-103
33,15,1.0,0.0,1.0,0.0,green,DO7626-001
34,15,1.0,1.0,1.0,0.0,gold,DV4023-001
35,15,1.0,0.0,1.0,0.0,gold,DV1238-001
36,15,1.0,0.0,1.0,0.0,gold,DX6482-002
37,14,1.0,1.0,1.0,1.0,brown,FB7147-001
38,15,1.0,0.0,1.0,1.0,brown,FB7156-001
39,15,1.0,1.0,1.0,0.0,pink,DM0113-102
40,12,1.0,1.0,1.0,0.0,brown,DH9523-100
41,15,1.0,1.0,1.0,1.0,brown,DJ6159-002
42,15,1.0,1.0,1.0,0.0,gold,FB2197-600
43,13,1.0,0.0,1.0,0.0,green,DD8959-100
44,14,1.0,1.0,1.0,1.0,brown,CI0919-100
45,14,1.0,1.0,1.0,1.0,brown,DJ7929-001
46,13,1.0,0.0,1.0,0.0,green,DN3559-003
47,15,1.0,1.0,1.0,0.0,brown,DJ0292-101
48,15,1.0,1.0,1.0,1.0,green,DN1791-100
49,15,1.0,1.0,1.0,1.0,brown,DR2694-500
50,13,1.0,1.0,1.0,0.0,brown,DR2689-601
51,14,1.0,0.0,1.0,0.0,purple,FB2065-500
52,15,1.0,1.0,1.0,1.0,brown,DH0625-500
53,5,1.0,0.0,0.0,0.0,orange,DX4816-200
54,15,1.0,0.0,1.0,0.0,brown,DQ8031-201
55,15,1.0,0.0,1.0,1.0,purple,FB7154-001
56,15,1.0,0.0,1.0,1.0,green,DM0824-003
57,15,1.0,1.0,1.0,0.0,green,FQ8895-100
58,15,1.0,1.0,1.0,0.0,orange,FV0952-100
59,15,1.0,0.0,1.0,0.0,,FB8251-100
60,4,1.0,0.0,1.0,1.0,,FJ6041-600
61,4,1.0,0.0,0.0,0.0,,560845F-001
62,3,0.0,0.0,1.0,0.0,,560846F-102
63,4,1.0,1.0,1.0,1.0,purple,FD1448-664
64,11,1.0,0.0,1.0,1.0,orange,DC0774-080
65,4,1.0,1.0,1.0,1.0,green,DH7004-600
66,3,1.0,1.0,1.0,1.0,green,BQ6472-414
67,13,0.0,0.0,1.0,0.0,rose,DD1503-118
68,2,1.0,1.0,1.0,1.0,gold,DN3253-061
69,10,1.0,0.0,1.0,0.0,gold,CW6536-600
70,15,1.0,0.0,1.0,0.0,purple,511417-136
71,5,1.0,0.0,0.0,0.0,gold,DV0426-200
72,3,0.0,1.0,1.0,0.0,brown,DZ2786-400
73,7,1.0,0.0,1.0,0.0,orange,DC9486-100
74,8,1.0,0.0,0.0,0.0,brown,FQ8893-397
75,2,1.0,0.0,1.0,1.0,purple,DV1302-100
76,2,0.0,1.0,1.0,0.0,,FV3623-151
77,6,0.0,0.0,1.0,0.0,green,DV1143-800
78,8,1.0,1.0,1.0,0.0,green,CZ0596-010
79,11,1.0,1.0,1.0,0.0,pink,DC3729-003
80,4,0.0,0.0,1.0,0.0,brown,DX2931-400
81,8,1.0,1.0,1.0,1.0,green,DV1305-001
82,8,1.0,1.0,1.0,1.0,,DQ8426-106
83,3,0.0,1.0,1.0,1.0,brown,DZ7338-001
84,14,1.0,1.0,1.0,0.0,brown,DJ9946-100
85,12,1.0,0.0,1.0,0.0,,BQ3207-002
86,15,1.0,0.0,1.0,0.0,,942837-001
87,2,1.0,0.0,1.0,0.0,,DV0991-101
88,5,0.0,0.0,1.0,0.0,,DH3159-100
89,5,0.0,0.0,1.0,1.0,gold,FB9892-670
90,3,0.0,0.0,0.0,0.0,green,FD5130-200
91,5,1.0,0.0,1.0,0.0,green,553558-136
92,12,1.0,0.0,1.0,1.0,,554724-136
93,15,0.0,0.0,1.0,0.0,,DZ5485-105
94,9,1.0,0.0,0.0,0.0,olive,FD6819-300
95,3,1.0,0.0,1.0,1.0,gold,DQ4122-100
96,10,1.0,1.0,1.0,1.0,green,CZ4052-101
97,8,1.0,1.0,1.0,0.0,brown,DV1307-100
98,3,1.0,0.0,1.0,0.0,,DX4332-800
99,8,1.0,0.0,1.0,0.0,,314870-011
100,15,0.0,0.0,1.0,0.0,,FN6622-201
101,20,0.0,0.0,1.0,0.0,,414571-171
102,12,1.0,0.0,1.0,0.0,,FD1334-001
103,14,1.0,0.0,0.0,0.0,purple,DB2889-501
104,9,1.0,1.0,1.0,0.0,orange,CT8532-080
105,15,0.0,0.0,0.0,0.0,,FZ4653-900
106,20,1.0,1.0,1.0,0.0,,DZ5485-042
107,5,1.0,0.0,1.0,0.0,purple,FV0169-400
108,7,1.0,1.0,1.0,1.0,gold,DO7189-100
109,19,1.0,0.0,1.0,1.0,,CZ0790-161
110,12,1.0,1.0,1.0,0.0,purple,FQ3381-002
111,13,1.0,0.0,1.0,0.0,purple,DX8733-103
112,9,1.0,1.0,1.0,0.0,purple,DM1123-100
113,15,1.0,1.0,1.0,0.0,brown,DM0825-101
114,25,1.0,0.0,1.0,1.0,purple,FB2238-001
115,25,1.0,1.0,1.0,1.0,brown,DR8784-301
116,7,1.0,1.0,1.0,1.0,green,DR8785-002
117,19,1.0,0.0,1.0,0.0,brown,DX4361-001
118,10,0.0,0.0,0.0,1.0,green,DV5475-300
119,21,1.0,1.0,1.0,0.0,pink,CD4382-400
120,15,0.0,0.0,0.0,0.0,,DX5388-900
121,15,1.0,0.0,1.0,0.0,orange,DZ0489-101
122,21,1.0,0.0,0.0,0.0,pink,CD4382-600
123,25,1.0,1.0,1.0,1.0,brown,DD9304-602
124,17,1.0,1.0,1.0,0.0,khaki,FQ8732-010
125,10,1.0,0.0,1.0,0.0,pink,FQ8971-600
126,26,1.0,0.0,1.0,1.0,,DZ2946-100
127,2,1.0,1.0,1.0,1.0,purple,DJ5423-300
128,19,1.0,0.0,1.0,0.0,green,FZ3620-001
129,20,0.0,1.0,1.0,1.0,green,864349-302
130,14,1.0,1.0,1.0,1.0,green,DX5051-400
131,10,1.0,1.0,1.0,1.0,,942839-600
132,17,1.0,0.0,1.0,1.0,purple,DV2917-401
133,23,0.0,0.0,0.0,0.0,,FQ7223-900
134,1,0.0,0.0,1.0,0.0,,CW7586-100
135,0,0.0,0.0,0.0,0.0,,
136,2,1.0,0.0,1.0,1.0,,FB9752-100
137,15,0.0,0.0,0.0,0.0,,DV3907-900
138,13,1.0,0.0,1.0,0.0,brown,DQ5601-003
139,22,0.0,0.0,0.0,0.0,,FJ8893-900
140,15,1.0,1.0,1.0,1.0,,CZ5920-400
141,15,1.0,0.0,1.0,0.0,pink,DQ1470-002
142,22,0.0,0.0,0.0,0.0,,FJ2253-901
143,6,1.0,1.0,1.0,1.0,orange,DR9631-801
144,0,0.0,0.0,0.0,0.0,,
145,2,1.0,0.0,1.0,1.0,green,DV3282-103
146,0,1.0,0.0,1.0,0.0,,CW3406-004
147,3,0.0,0.0,1.0,0.0,gold,DM1206-174
148,27,1.0,1.0,1.0,0.0,pink,DC8753-100
149,15,0.0,0.0,0.0,0.0,,314352-998
150,21,1.0,1.0,1.0,1.0,purple,CD4385-400
151,15,0.0,0.0,0.0,0.0,,CW7637-991
152,15,0.0,1.0,1.0,0.0,,FJ9302-104
153,15,0.0,0.0,0.0,0.0,,A03938C-206
154,9,1.0,0.0,1.0,0.0,,DR5540-102
155,14,0.0,0.0,0.0,0.0,,FD9782-900
156,15,1.0,1.0,1.0,0.0,pink,DD9285-400
157,0,1.0,1.0,1.0,1.0,green,DO9456-100
158,3,1.0,0.0,1.0,1.0,,CW3400-001
159,15,0.0,0.0,1.0,0.0,brown,DQ7572-200
160,15,0.0,0.0,1.0,0.0,,FQ8887-100
161,25,1.0,0.0,1.0,1.0,green,DJ9405-302
162,15,0.0,0.0,0.0,0.0,,DZ2653-900
163,2,1.0,0.0,1.0,0.0,green,DV2228-300
164,1,1.0,0.0,1.0,0.0,gold,DH0224-200
165,2,1.0,0.0,1.0,0.0,,DO9327-102
166,1,1.0,0.0,1.0,0.0,pink,BQ4632-002
167,15,0.0,0.0,0.0,0.0,,FB2383-900
168,15,0.0,0.0,0.0,0.0,,FB2391-900
169,3,1.0,0.0,1.0,1.0,green,DV3285-300
170,15,1.0,0.0,1.0,1.0,,DJ6257-004
171,8,1.0,0.0,1.0,0.0,,168817C-102
172,1,1.0,1.0,1.0,1.0,pink,CN9677-002
173,26,0.0,0.0,0.0,0.0,,FJ4036-900
174,10,1.0,0.0,1.0,0.0,brown,DZ3407-800
175,1,1.0,0.0,1.0,1.0,violet,DD9538-012
176,8,0.0,0.0,1.0,0.0,purple,DX4219-400
177,22,0.0,0.0,0.0,0.0,,FJ8896-900
178,20,1.0,0.0,1.0,0.0,brown,DC7695-102
179,15,1.0,1.0,1.0,1.0,brown,FJ2975-001
180,0,1.0,0.0,1.0,1.0,gold,DV2757-003
181,1,1.0,1.0,1.0,1.0,brown,DC2533-600
182,2,1.0,0.0,1.0,0.0,,CZ5918-012
183,15,1.0,0.0,1.0,1.0,gold,FN7104-010
184,1,1.0,1.0,1.0,0.0,gold,DD3024-101
185,15,0.0,0.0,1.0,0.0,,FB6877-100
186,22,1.0,1.0,1.0,1.0,,DZ2906-600
187,7,1.0,0.0,1.0,0.0,purple,DJ7383-800
188,15,1.0,0.0,1.0,1.0,,FD4849-106
189,6,1.0,1.0,1.0,1.0,pink,DJ6521-002
190,16,1.0,0.0,1.0,0.0,pink,DX7998-700
191,15,1.0,1.0,1.0,0.0,brown,DM8974-004
192,9,0.0,0.0,1.0,0.0,,DX2044-201
193,19,1.0,0.0,1.0,0.0,brown,DM3494-105
194,15,0.0,1.0,1.0,0.0,pink,CT1725-106
195,17,1.0,0.0,1.0,0.0,pink,DX7999-100
196,15,0.0,0.0,0.0,0.0,,FJ8894-900
197,15,1.0,0.0,1.0,0.0,orange,AO1523-500
198,5,1.0,0.0,1.0,0.0,purple,DV5477-401
199,17,0.0,0.0,0.0,0.0,,FZ0814-900
200,1,0.0,0.0,1.0,0.0,,FB9891-100
201,15,0.0,0.0,0.0,0.0,,DV2272-900
202,15,0.0,0.0,0.0,0.0,,DV3903-900
203,18,0.0,0.0,0.0,0.0,,FJ8895-900
204,7,0.0,0.0,0.0,0.0,,846440-998
205,7,0.0,0.0,0.0,0.0,brown,DX2314-200
206,9,1.0,1.0,1.0,1.0,purple,FV0400-001
207,17,1.0,1.0,1.0,1.0,purple,DZ3299-002
208,15,1.0,1.0,1.0,0.0,olive,DV7006-200
209,12,1.0,0.0,1.0,0.0,pink,DD9291-600
210,20,1.0,0.0,1.0,0.0,,166800C-001
211,15,1.0,0.0,1.0,0.0,brown,FD6409-003
212,26,0.0,0.0,0.0,0.0,,FJ4036-900
213,15,1.0,1.0,1.0,0.0,green,DQ2904-002
214,16,1.0,0.0,1.0,0.0,brown,DC7695-100
215,4,1.0,0.0,1.0,0.0,pink,DJ4471-121
216,2,0.0,0.0,1.0,0.0,brown,DV5472-001
217,26,1.0,1.0,1.0,1.0,brown,DX4985-003
218,2,1.0,0.0,1.0,0.0,,DV2957-001
219,0,1.0,1.0,1.0,1.0,purple,FN3435-148
220,0,0.0,0.0,1.0,0.0,pink,DR7880-001
221,18,1.0,0.0,1.0,1.0,,DH9227-101
222,24,0.0,0.0,0.0,0.0,,FJ8890-905
223,12,1.0,0.0,1.0,0.0,brown,DV7903-003
224,11,1.0,1.0,1.0,1.0,purple,DD9283-011
225,0,0.0,0.0,0.0,0.0,,
226,1,0.0,0.0,1.0,0.0,,CZ6559-110
227,17,1.0,0.0,1.0,0.0,purple,DV7409-100
228,15,1.0,0.0,1.0,0.0,brown,FB9894-001
229,15,0.0,0.0,1.0,0.0,,DX4400-005
230,20,1.0,0.0,1.0,0.0,gold,FD0090-101
231,23,1.0,0.0,1.0,1.0,,CI2964-610
232,0,0.0,0.0,0.0,0.0,,
233,15,1.0,0.0,1.0,0.0,green,DR6192-104
234,17,1.0,1.0,1.0,0.0,green,432997-111
235,2,0.0,0.0,0.0,0.0,green,DV5468-300
236,12,1.0,0.0,1.0,0.0,olive,DR9831-001
237,10,1.0,1.0,1.0,0.0,green,DJ6945-200
238,2,1.0,1.0,1.0,0.0,purple,DC1975-001
239,11,1.0,0.0,1.0,1.0,,FB2863-600
240,5,1.0,0.0,1.0,0.0,lime,DZ4874-300
241,11,1.0,0.0,1.0,0.0,orange,CV5708-010
242,15,1.0,1.0,1.0,0.0,purple,CZ3668-017
243,15,1.0,0.0,1.0,0.0,brown,CU4874-600
244,8,0.0,0.0,1.0,0.0,,560251F-102
245,15,0.0,0.0,0.0,0.0,,DO7436-900
246,25,1.0,0.0,0.0,0.0,brown,FQ8706-300
247,18,1.0,0.0,1.0,1.0,,DZ6763-102
248,19,0.0,1.0,1.0,1.0,,FD0268-100
249,20,1.0,1.0,1.0,0.0,pink,DR2733-400
250,21,1.0,1.0,1.0,1.0,brown,DM1124-002
251,15,0.0,0.0,0.0,0.0,,DZ3638-900
252,25,0.0,0.0,1.0,0.0,,FV3526-600
253,8,1.0,1.0,1.0,1.0,brown,DC3590-105
254,24,1.0,0.0,1.0,0.0,green,FQ3391-010
255,25,1.0,1.0,1.0,0.0,pink,DR2756-400
256,4,1.0,0.0,1.0,0.0,gold,DC0496-100
257,1,1.0,0.0,1.0,0.0,rose,DV1163-100
258,26,0.0,0.0,0.0,0.0,,FJ4036-900
259,15,1.0,0.0,1.0,1.0,,CU4152-101
260,12,1.0,0.0,1.0,0.0,orange,DH7546-101
261,1,1.0,1.0,1.0,0.0,orange,CZ4099-400
262,6,1.0,1.0,1.0,0.0,purple,CQ9545-556
263,8,1.0,0.0,1.0,1.0,pink,DO8863-660
264,8,1.0,1.0,1.0,0.0,purple,DM8019-005
265,1,1.0,0.0,1.0,0.0,,CU3959-004
266,6,1.0,0.0,1.0,0.0,,DJ9976-100
267,15,1.0,1.0,1.0,1.0,pink,DD9294-104
268,15,1.0,0.0,1.0,0.0,pink,DM9073-700
269,1,1.0,0.0,1.0,1.0,green,DH1537-002
270,7,0.0,0.0,1.0,0.0,,DR5377-001
271,21,1.0,0.0,1.0,0.0,purple,CT0079-101
272,15,0.0,0.0,0.0,0.0,,FZ4655-900
273,22,0.0,0.0,0.0,0.0,,FJ8902-900
274,15,1.0,0.0,1.0,1.0,,DZ2927-400
275,15,1.0,0.0,1.0,1.0,green,DR6965-300
276,15,0.0,0.0,0.0,0.0,brown,FD1643-300
277,10,1.0,0.0,1.0,1.0,brown,CZ0931-003
278,7,0.0,0.0,0.0,0.0,brown,FV1699-801
279,4,1.0,1.0,0.0,0.0,,FZ5758-004
280,0,0.0,0.0,0.0,0.0,,
281,15,1.0,1.0,1.0,1.0,,CZ5917-600
282,26,1.0,1.0,1.0,0.0,pink,DC8749-101
283,23,1.0,0.0,1.0,1.0,gold,AO2416-101
284,22,1.0,0.0,1.0,0.0,gold,DM8199-064
285,8,1.0,0.0,1.0,1.0,brown,DA2725-301
286,2,1.0,0.0,1.0,1.0,,FN7400-140
287,22,1.0,1.0,1.0,0.0,,M9622-410
288,2,1.0,0.0,1.0,0.0,brown,DX6915-300
289,22,0.0,0.0,0.0,0.0,,FJ2253-901
290,6,1.0,0.0,1.0,0.0,,DZ2795-001
291,3,1.0,0.0,1.0,0.0,,849560-001
292,12,1.0,1.0,1.0,0.0,,DZ2795-700
293,8,1.0,0.0,1.0,0.0,brown,DR0126-600
294,12,0.0,0.0,0.0,0.0,gold,CW3203-600
295,10,1.0,1.0,0.0,1.0,,FN5714-001
296,13,1.0,1.0,0.0,1.0,,DD1901-600
297,10,1.0,0.0,1.0,0.0,green,DD9535-005
298,6,0.0,1.0,1.0,0.0,purple,FD2652-002
299,15,1.0,0.0,1.0,0.0,brown,FN0784-004
300,1,1.0,1.0,1.0,0.0,green,DZ5211-100
301,0,1.0,1.0,1.0,1.0,purple,DH3395-102
302,22,0.0,0.0,0.0,0.0,,FN0569-900
303,2,0.0,0.0,1.0,0.0,purple,DQ1979-500
304,8,1.0,0.0,1.0,0.0,pink,AO3622-002
305,23,0.0,0.0,0.0,0.0,,FB2390-900
306,10,1.0,1.0,1.0,1.0,green,DJ9431-001
307,18,1.0,0.0,1.0,1.0,,AA0286-106
308,15,0.0,0.0,0.0,0.0,,FJ8900-900
309,15,1.0,0.0,1.0,0.0,orange,DX5655-500
310,17,1.0,0.0,1.0,1.0,gold,FB1362-100
311,22,0.0,0.0,0.0,0.0,,FN0569-900
312,14,1.0,1.0,1.0,1.0,,DJ6015-603
313,15,0.0,0.0,0.0,0.0,,FJ8900-900
314,11,1.0,0.0,1.0,1.0,green,DV3279-102
315,3,1.0,0.0,1.0,0.0,,DV7408-100
316,4,1.0,1.0,1.0,0.0,,DR6851-100
317,7,1.0,0.0,1.0,1.0,brown,DQ4124-105
318,15,1.0,0.0,1.0,0.0,pink,DX5048-600
319,1,0.0,0.0,1.0,0.0,,FB5059-100
320,5,1.0,1.0,1.0,0.0,purple,DR1020-400
321,22,0.0,0.0,0.0,0.0,,FN0569-900
322,22,0.0,0.0,0.0,0.0,,FN0569-900
323,0,0.0,0.0,0.0,0.0,,
324,15,0.0,0.0,0.0,0.0,,FB5057-900
325,0,1.0,0.0,1.0,1.0,,CD5434-001
326,22,0.0,0.0,0.0,0.0,,FN0569-900
327,24,0.0,0.0,0.0,0.0,,CU1722-960
328,3,1.0,1.0,1.0,0.0,purple,CW7358-601
329,0,0.0,0.0,0.0,0.0,,
330,3,1.0,1.0,1.0,0.0,,DC3730-001
331,12,0.0,0.0,1.0,0.0,orange,DX9013-008
332,13,1.0,0.0,1.0,1.0,,FJ8915-400
333,12,0.0,0.0,0.0,0.0,,A05685C-650
334,1,1.0,1.0,1.0,1.0,pink,DZ5205-500
335,4,1.0,0.0,1.0,1.0,purple,DV5141-017
336,15,1.0,0.0,1.0,0.0,gold,FJ4576-100
337,0,1.0,1.0,1.0,0.0,,FD6812-400
338,15,1.0,1.0,1.0,1.0,,DC8990-002
339,15,1.0,1.0,1.0,0.0,green,DD9625-400
340,15,1.0,0.0,1.0,0.0,gold,FZ6829-002
341,10,0.0,0.0,0.0,1.0,,DX6405-600
342,0,0.0,0.0,0.0,0.0,,
343,15,0.0,0.0,1.0,0.0,orange,DX5883-100
344,2,0.0,0.0,1.0,0.0,,749867-105
345,0,0.0,0.0,1.0,0.0,pink,DV7415-600
346,9,1.0,0.0,0.0,0.0,,560250F-001
347,9,0.0,1.0,1.0,0.0,,DM0886-100
348,5,0.0,1.0,1.0,0.0,pink,DH5359-100
349,19,0.0,1.0,1.0,0.0,green,CZ2959-402
350,26,0.0,0.0,0.0,0.0,,HF0004-900
351,15,0.0,0.0,0.0,0.0,,FB2392-900
352,0,1.0,0.0,1.0,0.0,green,DA8570-600
353,15,0.0,0.0,0.0,0.0,,DZ3621-900
354,20,1.0,1.0,1.0,0.0,pink,DC8725-101
355,26,0.0,0.0,0.0,0.0,,FB2390-900
356,2,1.0,0.0,1.0,1.0,brown,FB9019-700
357,20,1.0,1.0,1.0,0.0,pink,AO0808-002
358,0,0.0,0.0,1.0,0.0,pink,DV3809-100
359,26,0.0,0.0,0.0,0.0,,HF0004-900
360,1,1.0,0.0,1.0,0.0,,DC9093-001
361,12,1.0,1.0,1.0,0.0,brown,DV2019-101
362,9,1.0,1.0,1.0,1.0,purple,DZ7533-002
363,15,1.0,1.0,1.0,1.0,brown,FB2269-103
364,5,1.0,1.0,1.0,0.0,brown,DV2220-100
365,23,0.0,0.0,0.0,0.0,,FQ7223-905
366,0,1.0,0.0,1.0,0.0,orange,FD8357-100
367,15,1.0,1.0,1.0,1.0,,DV0496-006
368,19,1.0,0.0,1.0,0.0,,DH7505-101
369,20,0.0,1.0,1.0,0.0,pink,DR2741-100
370,22,1.0,1.0,1.0,0.0,,M9697-410
371,17,1.0,0.0,1.0,1.0,brown,CI2955-160
372,22,1.0,0.0,1.0,0.0,green,FV6149-001
373,22,0.0,0.0,0.0,0.0,,FN0569-900
374,22,0.0,0.0,0.0,0.0,orange,FV1894-800
375,2,0.0,1.0,1.0,0.0,,FN0564-001
376,22,1.0,0.0,1.0,0.0,gold,325256-401
377,5,1.0,1.0,1.0,0.0,brown,864349-204
378,0,0.0,0.0,0.0,0.0,,
379,10,1.0,1.0,1.0,1.0,gold,DZ3356-500
380,16,1.0,1.0,1.0,0.0,pink,685135-004
381,26,0.0,0.0,0.0,0.0,,FJ4036-900
382,15,0.0,1.0,1.0,0.0,,394053-101
383,1,1.0,1.0,1.0,0.0,purple,DJ6149-400
384,15,0.0,0.0,1.0,0.0,,DR2948-600
385,15,0.0,0.0,0.0,0.0,,FJ8901-900
386,8,1.0,0.0,1.0,0.0,brown,FB9894-100
387,15,1.0,0.0,1.0,1.0,orange,DC0774-102
388,8,1.0,0.0,1.0,0.0,olive,537345-001
389,17,1.0,1.0,1.0,0.0,pink,AJ8119-002
390,16,1.0,0.0,0.0,1.0,,FQ9395-600
391,3,1.0,0.0,1.0,0.0,,BQ4153-100
392,23,1.0,0.0,1.0,0.0,green,FV6147-001
393,18,0.0,0.0,1.0,0.0,gold,FN7481-100
394,2,1.0,0.0,1.0,0.0,gold,DQ8992-001
395,2,1.0,1.0,0.0,0.0,orange,FD8701-001
396,15,1.0,1.0,1.0,1.0,brown,FJ9822-601
397,0,1.0,0.0,1.0,0.0,orange,DZ5217-100
398,12,1.0,0.0,1.0,1.0,brown,DM3493-002
399,0,0.0,0.0,0.0,0.0,,
400,9,1.0,0.0,0.0,0.0,,DC8794-002
401,17,1.0,1.0,1.0,0.0,pink,685134-400
402,2,1.0,0.0,1.0,0.0,brown,DN1772-108
403,16,1.0,0.0,1.0,1.0,gold,FN4182-001
404,24,0.0,0.0,0.0,0.0,,FJ8890-900
405,4,1.0,1.0,1.0,0.0,green,DV2185-100
406,0,1.0,0.0,1.0,0.0,,CW4439-011
407,15,0.0,0.0,0.0,0.0,,DO7433-900
408,1,0.0,0.0,0.0,0.0,orange,DQ7605-200
409,15,0.0,0.0,0.0,1.0,pink,FB7065-600
410,22,1.0,0.0,0.0,1.0,,DJ7552-009
411,5,0.0,0.0,0.0,0.0,rose,FD0794-700
412,15,0.0,0.0,1.0,0.0,,DX4260-100
413,0,0.0,0.0,0.0,0.0,,
414,2,1.0,0.0,1.0,0.0,pink,DJ4487-121
415,3,1.0,0.0,1.0,0.0,purple,DQ5012-133
416,4,1.0,0.0,1.0,1.0,,FJ6035-600
417,3,1.0,0.0,1.0,0.0,,CD5436-100
418,23,0.0,0.0,1.0,0.0,brown,DJ4473-170
419,1,0.0,0.0,1.0,0.0,brown,DZ2832-200
420,24,0.0,0.0,0.0,0.0,,CU1724-960
421,15,1.0,0.0,0.0,0.0,,DJ4702-002
422,10,0.0,1.0,0.0,0.0,lime,DZ1725-300
423,6,0.0,1.0,1.0,0.0,orange,DX6779-100
424,15,1.0,0.0,0.0,0.0,orange,FQ9008-800
425,0,1.0,1.0,1.0,1.0,gold,FD5113-400
426,1,1.0,1.0,1.0,0.0,orange,DC8892-001
427,13,1.0,0.0,1.0,1.0,green,DV7896-600
428,1,1.0,1.0,1.0,0.0,green,DA7698-004
429,0,0.0,0.0,0.0,0.0,,
430,5,0.0,0.0,1.0,0.0,,DH0222-101
431,3,0.0,0.0,1.0,0.0,purple,DR9842-400
432,22,0.0,0.0,0.0,0.0,,FN0569-900
433,11,1.0,1.0,1.0,1.0,brown,DZ5648-100
434,15,1.0,0.0,1.0,0.0,pink,DX7992-700
435,3,0.0,0.0,0.0,0.0,brown,CW9705-200
436,15,1.0,0.0,1.0,0.0,,BQ3378-100
437,0,1.0,1.0,1.0,1.0,,DH1270-100
438,0,0.0,0.0,0.0,0.0,,
439,15,1.0,1.0,1.0,0.0,brown,FB9893-300
440,15,0.0,0.0,0.0,0.0,,DV3907-900
441,17,1.0,0.0,1.0,0.0,orange,DZ2616-800
442,0,0.0,0.0,0.0,0.0,,
443,26,0.0,0.0,0.0,0.0,,FB2390-900
444,17,0.0,0.0,1.0,0.0,,DZ3544-200
445,18,1.0,0.0,1.0,0.0,green,FV6148-001
446,4,1.0,0.0,0.0,0.0,brown,DC3579-800
447,14,0.0,1.0,1.0,1.0,brown,FJ4547-100
448,2,0.0,0.0,0.0,0.0,,A04955C-101
449,1,1.0,1.0,1.0,0.0,,FB9149-400
450,0,0.0,0.0,0.0,0.0,,
451,11,1.0,0.0,1.0,0.0,gold,DX5550-700
452,8,0.0,1.0,0.0,0.0,purple,DV6841-100
453,10,1.0,0.0,1.0,0.0,,CZ0775-001
454,21,1.0,1.0,1.0,1.0,pink,CV0400-400
455,6,0.0,0.0,1.0,0.0,brown,DZ4701-600
456,0,0.0,0.0,0.0,0.0,,
457,0,0.0,0.0,0.0,0.0,,
458,21,1.0,1.0,1.0,0.0,pink,CT0079-400
459,10,1.0,0.0,1.0,1.0,purple,DR0675-300
460,1,0.0,0.0,1.0,0.0,,DO9458-100
461,15,1.0,0.0,1.0,0.0,,844994-002
462,0,0.0,0.0,0.0,0.0,pink,DZ2794-102
463,22,0.0,0.0,0.0,0.0,,FN0569-900
464,15,1.0,0.0,1.0,1.0,brown,DQ4124-106
465,18,0.0,0.0,1.0,0.0,,943790-100
466,2,1.0,0.0,1.0,1.0,,FV5914-010
467,19,1.0,1.0,1.0,0.0,pink,CW4440-011
468,15,0.0,0.0,0.0,0.0,orange,FD0211-300
469,11,1.0,0.0,1.0,0.0,orange,DD0161-100
470,15,1.0,0.0,1.0,0.0,,FN7999-001
471,24,1.0,0.0,1.0,0.0,gold,FD0089-101
472,17,0.0,0.0,0.0,0.0,,FN6743-900
473,7,0.0,1.0,1.0,0.0,,DX4220-100
474,5,1.0,0.0,1.0,0.0,,CT2904-002
475,15,1.0,0.0,1.0,0.0,brown,FQ8107-133
476,1,1.0,0.0,0.0,0.0,gold,343881-007
477,0,0.0,0.0,0.0,0.0,,
478,13,1.0,0.0,1.0,0.0,,FB2200-001
479,15,1.0,0.0,0.0,0.0,gold,FB7054-600
480,0,0.0,0.0,0.0,0.0,,DZ5226-300
481,1,1.0,1.0,1.0,1.0,,DM9554-900
482,2,0.0,0.0,0.0,0.0,brown,FD5088-200
483,4,1.0,0.0,0.0,0.0,gold,DO1850-007
484,22,1.0,0.0,1.0,0.0,,DR0424-001
485,26,0.0,0.0,0.0,0.0,,HF0004-900
486,26,0.0,0.0,0.0,0.0,,FB2390-900
487,0,1.0,0.0,0.0,0.0,purple,DV9193-001
488,0,0.0,0.0,1.0,0.0,green,DX3313-100
489,21,1.0,0.0,0.0,0.0,brown,454350-700
490,2,1.0,0.0,1.0,0.0,,CZ9907-003
491,0,1.0,0.0,1.0,0.0,,DC8184-001
492,4,1.0,0.0,0.0,0.0,gold,DD6958-001
493,6,1.0,0.0,1.0,0.0,rose,DV7898-600
494,0,0.0,0.0,0.0,0.0,,
495,26,1.0,1.0,1.0,1.0,purple,FB2239-002
496,5,1.0,0.0,1.0,0.0,brown,BQ9138-001
497,11,1.0,0.0,1.0,0.0,,FQ6873-101
498,0,0.0,1.0,1.0,0.0,gold,DO5047-411
499,22,0.0,0.0,0.0,0.0,,FJ8893-900
500,0,0.0,0.0,0.0,0.0,,
501,15,0.0,0.0,1.0,1.0,,CZ1055-101
502,13,0.0,0.0,1.0,0.0,,FQ4298-800
503,17,1.0,0.0,1.0,1.0,,CI1172-601
504,24,1.0,0.0,0.0,1.0,,FV6079-001
505,15,0.0,1.0,1.0,0.0,orange,806561-400
506,14,1.0,0.0,1.0,0.0,brown,859550-200
507,12,0.0,0.0,0.0,0.0,brown,FB7076-100
508,8,0.0,0.0,1.0,0.0,,AO3108-006
509,13,1.0,1.0,1.0,0.0,pink,685131-004
510,9,1.0,0.0,1.0,0.0,,397690-018
511,2,1.0,0.0,1.0,0.0,,DD1391-100
512,8,1.0,0.0,1.0,0.0,,FJ2596-002
513,15,0.0,0.0,0.0,0.0,,FB2392-900
514,11,1.0,0.0,1.0,0.0,,FN4216-001
515,10,1.0,0.0,1.0,0.0,green,DZ2540-600
516,22,1.0,1.0,1.0,1.0,purple,FZ3597-133
517,13,0.0,0.0,0.0,1.0,pink,FN7196-663
518,26,0.0,0.0,0.0,0.0,,HF0004-900
519,11,0.0,0.0,1.0,1.0,,FN7778-600
520,3,1.0,0.0,1.0,1.0,orange,FJ4923-008
521,15,0.0,0.0,0.0,0.0,,DO7433-900
522,10,1.0,0.0,1.0,0.0,,FQ8899-100
523,1,0.0,0.0,1.0,0.0,,FD1146-100
524,15,1.0,0.0,1.0,0.0,,DV1129-101
525,16,0.0,0.0,0.0,1.0,,FQ8897-252
526,21,1.0,1.0,1.0,0.0,pink,AA1204-400
527,20,0.0,1.0,1.0,0.0,brown,DR9114-100
528,15,0.0,0.0,0.0,0.0,,FZ0815-900
529,15,1.0,0.0,1.0,0.0,,CJ1671-100
530,7,0.0,0.0,1.0,0.0,gold,DN4890-700
531,2,1.0,0.0,1.0,0.0,,CZ6558-110
532,1,0.0,0.0,1.0,0.0,,DR6402-900
533,15,0.0,0.0,1.0,0.0,,FQ8889-100
534,1,1.0,0.0,1.0,0.0,,DZ4135-002
535,0,1.0,0.0,1.0,0.0,,DO9843-100
536,1,0.0,1.0,0.0,0.0,,DV7411-400
537,15,0.0,0.0,0.0,0.0,,DX5048-300
538,15,1.0,0.0,1.0,0.0,brown,FD6817-003
539,14,1.0,0.0,1.0,0.0,,FQ8337-121
540,3,1.0,0.0,1.0,0.0,,BV2078-100
541,2,1.0,1.0,1.0,0.0,,DZ7260-400
542,3,0.0,0.0,1.0,0.0,,FD5088-001
543,15,1.0,1.0,1.0,1.0,,DV2629-005
544,15,0.0,0.0,1.0,1.0,pink,FB2372-100
545,15,0.0,0.0,0.0,0.0,,FB2392-900
546,25,1.0,1.0,1.0,1.0,purple,FN0708-400
547,4,1.0,1.0,1.0,0.0,green,DH3050-100
548,7,1.0,0.0,0.0,0.0,pink,FN7105-030
549,15,1.0,0.0,0.0,0.0,pink,FD6694-001
550,15,1.0,0.0,1.0,1.0,,AV3918-102
551,0,0.0,0.0,0.0,0.0,,
552,15,0.0,0.0,1.0,0.0,,AQ1779-100
553,15,1.0,0.0,1.0,1.0,brown,FJ3448-200
554,4,0.0,0.0,1.0,0.0,gold,DQ7688-170
555,1,0.0,0.0,0.0,1.0,,DV4462-600
556,12,1.0,0.0,1.0,0.0,,FJ2708-001
557,13,1.0,0.0,1.0,1.0,,CW2386-603
558,2,0.0,0.0,1.0,0.0,,FN6838-012
559,1,1.0,0.0,0.0,0.0,pink,FJ2985-001
560,15,1.0,0.0,0.0,1.0,,FV4145-001
561,5,1.0,0.0,1.0,0.0,,DA1349-004
562,0,0.0,0.0,0.0,0.0,,
563,0,0.0,0.0,0.0,0.0,,
564,15,1.0,0.0,1.0,0.0,,DV2024-001
565,3,0.0,0.0,0.0,0.0,purple,DR9922-700
566,20,1.0,0.0,1.0,1.0,,FD0731-001
567,16,1.0,1.0,1.0,0.0,green,DQ0660-130
568,18,1.0,0.0,1.0,0.0,pink,FD1157-600
569,18,1.0,0.0,1.0,0.0,,DJ5630-600
570,1,1.0,1.0,1.0,0.0,,DJ5593-041
571,11,1.0,0.0,1.0,0.0,green,DX0024-100
572,22,1.0,0.0,1.0,0.0,gold,FJ0850-001
573,22,1.0,0.0,1.0,1.0,,DM0103-003
574,22,1.0,1.0,1.0,1.0,brown,DV1403-002
575,13,1.0,1.0,1.0,0.0,,DJ5590-103
576,1,1.0,1.0,1.0,0.0,green,DD9315-108
577,22,1.0,1.0,1.0,0.0,brown,DV1202-601
578,16,0.0,0.0,1.0,0.0,,FD6815-001
579,3,0.0,0.0,0.0,0.0,gold,DV6801-701
580,22,1.0,1.0,1.0,1.0,khaki,DV1376-101
581,15,0.0,1.0,1.0,1.0,,DH4120-101
582,13,1.0,0.0,1.0,0.0,,FB3124-100
583,4,1.0,1.0,1.0,0.0,,DC5221-041
584,23,1.0,0.0,1.0,0.0,,FD6853-001
585,2,0.0,0.0,1.0,0.0,,DV1407-100
586,1,1.0,0.0,1.0,0.0,,DM8449-001
587,1,1.0,0.0,1.0,1.0,,CU9978-101
588,6,0.0,1.0,1.0,0.0,purple,DQ4128-155
589,14,1.0,0.0,1.0,0.0,green,DV6800-110
590,10,0.0,0.0,1.0,0.0,,FD6848-001
591,3,1.0,0.0,1.0,1.0,,DC9968-705
592,1,1.0,1.0,1.0,0.0,pink,DJ4978-605
593,8,1.0,0.0,1.0,1.0,,DD9465-600
594,19,0.0,0.0,0.0,0.0,,FN6746-904
595,10,1.0,0.0,1.0,0.0,,DJ5167-300
596,11,1.0,0.0,1.0,0.0,,FD1162-600
597,2,1.0,0.0,1.0,0.0,,DZ3183-100
598,1,1.0,0.0,1.0,0.0,,DJ5633-600
599,1,1.0,0.0,1.0,0.0,pink,DJ5627-600
600,19,0.0,0.0,0.0,0.0,,FN6750-900
601,12,1.0,0.0,1.0,0.0,,DJ5963-600
602,19,0.0,0.0,0.0,0.0,,DX5257-900
603,5,1.0,0.0,1.0,1.0,,DD9475-705
604,14,0.0,0.0,0.0,0.0,,DX5261-902
605,11,1.0,0.0,0.0,0.0,,DV4336-040
606,17,0.0,0.0,0.0,1.0,,DX5266-902
607,11,1.0,0.0,1.0,1.0,,DD9472-300
608,6,1.0,1.0,1.0,0.0,gold,AT5889-407
609,18,1.0,0.0,1.0,0.0,,DV4337-300
610,8,1.0,0.0,1.0,1.0,,DD9482-600
611,10,1.0,0.0,1.0,0.0,,FN8406-300
612,13,1.0,0.0,1.0,0.0,,DJ5598-040
613,5,1.0,0.0,1.0,1.0,,DC9969-600
614,16,1.0,1.0,1.0,0.0,brown,DC8466-102
615,6,1.0,0.0,0.0,0.0,,DV4330-300
616,19,1.0,0.0,0.0,0.0,,DV4340-040
617,16,1.0,0.0,1.0,0.0,,DJ5605-300
618,10,1.0,1.0,1.0,0.0,brown,580456-500
619,3,1.0,0.0,1.0,1.0,,DD9473-705
620,19,1.0,1.0,1.0,1.0,pink,DD9463-300
621,16,1.0,0.0,1.0,0.0,,DD9477-300
622,19,0.0,0.0,0.0,0.0,,DX5260-900
623,2,1.0,0.0,1.0,0.0,,DJ5961-600
624,19,0.0,0.0,0.0,0.0,,FN6753-900
625,19,1.0,0.0,0.0,0.0,,DJ5165-040
626,23,0.0,0.0,0.0,0.0,,FJ4831-900
627,5,1.0,1.0,1.0,0.0,gold,CZ9890-007
628,1,1.0,0.0,1.0,0.0,pink,DJ5629-605
629,0,1.0,0.0,0.0,0.0,,DJ5969-040
630,2,1.0,0.0,1.0,1.0,,DD9441-040
631,18,1.0,0.0,1.0,0.0,pink,FD1164-600
632,0,1.0,0.0,1.0,0.0,,FN8405-300
633,19,0.0,0.0,0.0,0.0,,FN6749-906
634,14,1.0,0.0,1.0,0.0,,DJ5603-300
635,19,1.0,0.0,1.0,0.0,,AT6178-010
636,19,1.0,0.0,1.0,0.0,,DD9469-300
637,13,1.0,0.0,1.0,0.0,,DJ5631-300
638,18,1.0,0.0,1.0,0.0,,DV4333-040
639,1,1.0,0.0,0.0,0.0,,DJ5962-040
640,8,1.0,0.0,1.0,0.0,,DJ5165-300
641,13,1.0,1.0,1.0,0.0,brown,CT0550-700
642,8,1.0,0.0,1.0,0.0,,DJ5622-300
643,1,1.0,0.0,1.0,0.0,,DV4342-100
644,19,1.0,0.0,0.0,0.0,,DV4344-040
645,1,1.0,0.0,1.0,0.0,pink,DJ5635-605
646,19,1.0,0.0,0.0,0.0,,DD9483-040
647,13,1.0,0.0,1.0,0.0,,DD9476-040
648,1,0.0,0.0,1.0,0.0,,DA1174-705
649,4,1.0,1.0,1.0,0.0,pink,CZ8482-054
650,13,1.0,0.0,1.0,0.0,,DV4341-100
651,19,1.0,0.0,1.0,1.0,,DH9638-600
652,4,1.0,0.0,1.0,0.0,,DD1391-100
653,13,0.0,1.0,1.0,0.0,,FQ8826-100
654,19,1.0,1.0,1.0,0.0,,DZ5485-042
655,21,1.0,0.0,1.0,0.0,,DX5800-100
656,17,1.0,1.0,1.0,0.0,,BV1358-003
657,26,1.0,1.0,1.0,0.0,purple,FQ3381-600
658,15,1.0,1.0,1.0,1.0,green,FV3633-081
659,16,0.0,0.0,0.0,1.0,brown,FB8892-200
660,17,1.0,1.0,1.0,1.0,brown,FB8883-200
661,17,1.0,0.0,1.0,0.0,gold,FJ6196-001
662,23,1.0,1.0,1.0,1.0,gold,DZ3356-001
663,21,1.0,0.0,1.0,1.0,purple,DV2917-500
664,5,1.0,1.0,1.0,1.0,green,DR5752-100
665,20,0.0,0.0,1.0,0.0,,414571-171
666,11,1.0,0.0,1.0,0.0,,FD1334-001
667,12,1.0,1.0,1.0,0.0,orange,CT8532-080
668,7,1.0,0.0,0.0,0.0,olive,FB9927-200
669,9,0.0,0.0,0.0,1.0,,FV8106-361
670,9,0.0,0.0,0.0,0.0,green,FQ8823-236
671,15,0.0,0.0,0.0,0.0,green,FQ8824-236
672,13,0.0,0.0,0.0,0.0,brown,DZ2538-300
673,8,1.0,1.0,1.0,1.0,green,AH8050-100
674,22,1.0,0.0,1.0,1.0,,DZ4627-101
675,16,1.0,1.0,0.0,0.0,brown,FD0192-200
676,21,1.0,0.0,1.0,0.0,lime,DX6934-200
677,21,1.0,0.0,1.0,1.0,purple,DR0675-018
678,12,0.0,0.0,1.0,0.0,orange,DX9013-008
679,18,1.0,0.0,1.0,1.0,,CZ0790-161
680,7,1.0,1.0,1.0,1.0,,DQ8426-106
681,2,1.0,0.0,1.0,0.0,,DJ6188-101
682,8,1.0,0.0,1.0,1.0,brown,DV0831-004
683,11,1.0,1.0,1.0,0.0,brown,DV1307-101
684,15,1.0,0.0,1.0,0.0,brown,FD6817-003
685,12,0.0,0.0,0.0,0.0,orange,FQ8731-012
686,17,1.0,0.0,1.0,0.0,gold,FD9082-104
687,12,1.0,0.0,1.0,0.0,orange,FB9911-001
688,13,1.0,0.0,1.0,0.0,orange,FB9907-001
689,22,1.0,1.0,1.0,1.0,purple,FV2345-500
690,21,1.0,1.0,1.0,1.0,brown,DR8784-500
691,17,1.0,1.0,1.0,1.0,brown,FV3631-081
692,2,1.0,1.0,1.0,1.0,green,DR2615-101
693,17,1.0,0.0,1.0,1.0,gold,FB1362-100
694,22,1.0,0.0,1.0,0.0,brown,FB9660-001
695,9,1.0,0.0,1.0,0.0,,CT2302-100
696,1,0.0,1.0,1.0,0.0,,FV6656-100
697,17,1.0,0.0,1.0,0.0,olive,FZ3156-010
698,17,0.0,0.0,1.0,0.0,,DZ3544-200
699,14,1.0,1.0,1.0,0.0,green,432997-121
700,16,1.0,0.0,0.0,1.0,,FV4145-001
701,15,1.0,0.0,1.0,1.0,green,FV4137-001
702,8,1.0,1.0,1.0,1.0,green,FV1895-001
703,25,1.0,1.0,1.0,1.0,brown,DX4985-600
704,14,1.0,1.0,1.0,1.0,purple,DZ7533-600
705,16,1.0,1.0,1.0,0.0,purple,FB2204-002
706,15,1.0,1.0,1.0,1.0,brown,DR2665-100
707,13,1.0,0.0,1.0,0.0,green,FQ8827-324
708,22,1.0,0.0,1.0,1.0,green,FD5810-200
709,7,1.0,1.0,1.0,0.0,brown,DJ7926-001
710,17,1.0,1.0,1.0,1.0,brown,FB1309-001
711,17,1.0,1.0,1.0,0.0,green,DV1678-006
712,7,1.0,1.0,1.0,0.0,green,924453-007
713,17,1.0,0.0,1.0,0.0,,CN8490-001
714,23,0.0,0.0,1.0,0.0,,FD6719-001
715,10,0.0,0.0,1.0,0.0,,FD6848-001
716,16,0.0,0.0,1.0,0.0,,FD6815-001
717,17,1.0,0.0,1.0,0.0,brown,FN7459-002
718,17,1.0,0.0,1.0,1.0,,DR8884-101
719,0,0.0,0.0,0.0,0.0,,
720,13,1.0,1.0,1.0,1.0,green,FV0393-001
721,8,1.0,1.0,1.0,1.0,green,BQ6472-033
722,5,1.0,0.0,1.0,0.0,brown,DV0829-100
723,3,1.0,0.0,1.0,0.0,brown,DZ4404-001
724,8,1.0,0.0,1.0,0.0,gold,852542-007
725,8,1.0,0.0,1.0,0.0,,849559-001
726,3,1.0,1.0,1.0,0.0,,511881-023
727,4,1.0,0.0,1.0,1.0,gold,DQ4122-100
728,4,0.0,0.0,0.0,0.0,green,FD5130-200
729,15,1.0,0.0,1.0,1.0,,FN7304-100
730,7,1.0,0.0,0.0,0.0,olive,FD6819-300
731,3,1.0,0.0,1.0,0.0,olive,AH8047-011
732,20,1.0,0.0,1.0,0.0,purple,DQ3977-100
733,11,1.0,0.0,1.0,0.0,,DJ4701-003
734,19,1.0,0.0,1.0,1.0,brown,BQ6806-100
735,12,1.0,0.0,0.0,1.0,khaki,FD4116-200
736,7,1.0,1.0,1.0,1.0,green,DV1305-001
737,8,1.0,0.0,1.0,0.0,,DH3162-100
738,6,1.0,0.0,1.0,0.0,olive,CQ9356-004
739,16,1.0,1.0,1.0,1.0,,FB9658-002
740,13,1.0,0.0,1.0,1.0,,DV0788-105
741,5,1.0,1.0,1.0,1.0,purple,DC3728-003
742,14,1.0,1.0,1.0,1.0,olive,FD9082-102
743,12,1.0,0.0,1.0,1.0,purple,DV5141-611
744,14,1.0,1.0,1.0,1.0,,554724-136
745,3,1.0,0.0,1.0,0.0,gold,DQ7558-001
746,16,1.0,1.0,1.0,0.0,,FD2592-002
747,13,1.0,0.0,1.0,1.0,purple,DB2889-501
748,2,1.0,0.0,1.0,1.0,brown,DV1302-100
749,14,1.0,1.0,1.0,1.0,,553558-136
750,14,1.0,0.0,0.0,0.0,orange,FQ8338-017
751,1,0.0,0.0,1.0,1.0,,CZ0326-100
752,17,0.0,0.0,0.0,0.0,brown,FB8878-200
753,16,1.0,1.0,1.0,0.0,green,DQ0660-130
754,0,1.0,0.0,0.0,1.0,brown,865031-009
755,5,1.0,0.0,1.0,1.0,orange,DX4332-800
756,14,1.0,1.0,1.0,0.0,purple,DM1123-100
757,3,0.0,0.0,1.0,0.0,gold,DQ9011-100
758,22,1.0,1.0,1.0,0.0,,DA6364-101
759,13,0.0,0.0,1.0,0.0,olive,FB9657-002
760,13,1.0,0.0,1.0,1.0,orange,DC0774-080
761,2,1.0,1.0,1.0,1.0,gold,DN3253-061
762,5,0.0,0.0,1.0,0.0,green,DQ3505-100
763,8,1.0,0.0,1.0,0.0,,DN2158-101
764,15,1.0,0.0,1.0,1.0,,DH0295-102
765,6,1.0,1.0,1.0,0.0,brown,DV0426-200
766,2,1.0,0.0,1.0,0.0,,BQ3204-005
767,16,0.0,0.0,1.0,0.0,,DZ5485-105
768,14,1.0,0.0,1.0,0.0,,942838-101
769,13,1.0,0.0,1.0,0.0,purple,DX8733-103
770,4,1.0,0.0,1.0,0.0,purple,FV0169-400
771,4,1.0,1.0,1.0,1.0,green,DH7004-600
772,5,0.0,0.0,1.0,0.0,,FJ5471-121
773,20,1.0,0.0,1.0,0.0,,CT2303-100
774,10,1.0,1.0,1.0,1.0,green,CZ4052-101
775,15,0.0,0.0,1.0,0.0,,FN6622-201
776,18,1.0,0.0,1.0,0.0,pink,FD1157-600
777,17,0.0,0.0,0.0,0.0,,DM1182-991
778,3,1.0,0.0,1.0,1.0,,DC9968-705
779,10,1.0,0.0,1.0,0.0,,DN3577-002
780,1,1.0,1.0,1.0,0.0,pink,DJ4978-605
781,1,1.0,1.0,1.0,0.0,,DJ5593-041
782,17,1.0,1.0,1.0,1.0,green,FB2207-100
783,3,1.0,0.0,1.0,0.0,,DZ2544-100
784,19,1.0,1.0,1.0,0.0,brown,DX4361-002
785,10,0.0,0.0,0.0,1.0,green,DV5475-300
786,11,1.0,0.0,1.0,1.0,green,DZ3338-106
787,21,1.0,1.0,1.0,0.0,pink,CD4382-400
788,15,1.0,1.0,1.0,1.0,purple,FN6616-800
789,10,1.0,0.0,1.0,1.0,,DX5635-002
790,1,1.0,0.0,1.0,0.0,,FD0670-001
791,21,1.0,0.0,0.0,0.0,pink,CD4382-600
792,8,1.0,0.0,1.0,1.0,,DD9465-600
793,19,0.0,0.0,0.0,0.0,,FN6746-904
794,25,1.0,1.0,1.0,1.0,brown,DD9304-602
795,17,1.0,1.0,1.0,1.0,khaki,FQ8732-010
796,6,1.0,0.0,1.0,1.0,green,DO1925-130
797,10,1.0,0.0,1.0,0.0,pink,FQ8971-600
798,26,1.0,0.0,1.0,1.0,,DZ2946-100
799,2,1.0,1.0,1.0,1.0,purple,DJ5423-300
800,19,1.0,0.0,1.0,0.0,green,FZ3620-001
801,10,1.0,0.0,1.0,0.0,,DJ5167-300
802,2,1.0,1.0,1.0,1.0,brown,FD0808-001
803,20,0.0,1.0,1.0,1.0,green,864349-302
804,6,1.0,1.0,1.0,0.0,,DX4981-103
805,16,1.0,1.0,1.0,1.0,,DJ6520-001
806,11,1.0,0.0,1.0,0.0,,FD1162-600
807,2,1.0,0.0,1.0,0.0,,DZ3183-100
808,2,1.0,0.0,1.0,0.0,pink,DO6294-002
809,1,1.0,1.0,1.0,0.0,purple,DM8019-004
810,1,1.0,0.0,1.0,0.0,,DJ5633-600
811,11,1.0,0.0,1.0,0.0,green,DX0024-100
812,2,0.0,0.0,1.0,0.0,,CW7586-100
813,22,1.0,0.0,1.0,0.0,orange,FN6594-002
814,1,1.0,1.0,1.0,0.0,,DM0174-302
815,17,1.0,1.0,1.0,1.0,green,DZ9360-007
816,0,0.0,0.0,0.0,1.0,,FB8895-600
817,22,1.0,0.0,1.0,0.0,gold,FJ0850-001
818,16,1.0,1.0,1.0,1.0,violet,FB2907-100
819,16,1.0,1.0,1.0,1.0,,FD6255-102
820,9,1.0,0.0,1.0,0.0,pink,DJ5627-300
821,22,0.0,0.0,0.0,0.0,,FJ8893-900
822,1,1.0,1.0,1.0,1.0,gold,921826-011
823,19,0.0,0.0,0.0,0.0,,FN6750-900
824,4,1.0,0.0,1.0,0.0,,DC7232-001
825,1,1.0,1.0,1.0,1.0,green,DM3413-002
826,17,1.0,0.0,1.0,0.0,gold,DO7625-001
827,22,0.0,0.0,0.0,0.0,,FJ2253-901
828,12,1.0,0.0,1.0,0.0,,DJ5963-600
829,5,1.0,1.0,1.0,1.0,brown,DV5473-001
830,6,1.0,1.0,1.0,0.0,,CD0197-006
831,20,0.0,0.0,0.0,0.0,,DV3892-900
832,11,1.0,0.0,1.0,0.0,orange,FD0762-800
833,7,1.0,0.0,1.0,0.0,,FJ1213-106
834,19,0.0,0.0,0.0,0.0,,DX5257-900
835,12,0.0,0.0,1.0,0.0,purple,DN2647-651
836,5,1.0,0.0,1.0,1.0,,DD9475-705
837,3,1.0,0.0,1.0,0.0,,CW3406-004
838,17,0.0,0.0,0.0,0.0,,DO7424-900
839,4,1.0,0.0,1.0,0.0,,DJ6606-001
840,12,1.0,0.0,1.0,1.0,gold,DZ4353-160
841,2,0.0,0.0,1.0,0.0,gold,DM1206-174
842,13,1.0,1.0,1.0,0.0,,CZ1884-004
843,16,0.0,0.0,0.0,0.0,brown,FQ8077-104
844,8,1.0,1.0,1.0,1.0,orange,DC8418-104
845,27,1.0,1.0,1.0,0.0,pink,DC8753-100
846,20,0.0,0.0,0.0,0.0,,DV3892-900
847,21,1.0,1.0,1.0,1.0,purple,CD4385-400
848,21,0.0,0.0,0.0,0.0,,DD0007-900
849,17,1.0,0.0,1.0,0.0,,394055-001
850,14,1.0,0.0,1.0,0.0,,FB8889-100
851,15,0.0,0.0,0.0,0.0,,A03938C-206
852,1,1.0,0.0,1.0,0.0,,CT2357-100
853,8,1.0,0.0,1.0,0.0,,DR5540-002
854,16,1.0,1.0,1.0,1.0,green,DM0829-301
855,1,1.0,0.0,1.0,1.0,,CW3400-001
856,10,1.0,0.0,1.0,0.0,,DX5636-002
857,10,1.0,0.0,1.0,0.0,,DD0529-002
858,17,1.0,0.0,1.0,1.0,purple,DM0823-101
859,17,1.0,0.0,1.0,0.0,brown,FB8885-100
860,14,0.0,0.0,0.0,0.0,,DX5261-902
861,22,1.0,0.0,1.0,1.0,,DM0103-003
862,22,0.0,1.0,1.0,1.0,,FB8132-100
863,1,1.0,0.0,1.0,0.0,,DV0806-102
864,3,0.0,0.0,1.0,0.0,,DZ4637-001
865,12,1.0,0.0,0.0,0.0,,DV4336-040
866,22,0.0,0.0,0.0,0.0,,FQ7148-900
867,7,1.0,0.0,1.0,0.0,orange,DZ7740-800
868,4,1.0,0.0,1.0,1.0,,DV3258-103
869,3,1.0,1.0,1.0,1.0,brown,DA7245-011
870,7,1.0,0.0,0.0,0.0,,FB1378-001
871,12,1.0,1.0,0.0,0.0,purple,DM3004-001
872,9,1.0,0.0,1.0,0.0,,168817C-102
873,12,1.0,0.0,1.0,1.0,green,FJ2843-100
874,5,1.0,1.0,1.0,1.0,green,DD6203-003
875,13,1.0,1.0,1.0,1.0,purple,DD9293-003
876,26,0.0,0.0,0.0,0.0,,FJ4036-900
877,1,1.0,1.0,1.0,0.0,green,DD1579-103
878,10,1.0,0.0,0.0,0.0,brown,DZ3407-800
879,1,1.0,0.0,1.0,1.0,violet,DD9538-012
880,0,0.0,0.0,1.0,0.0,,DV1734-100
881,5,1.0,1.0,1.0,0.0,orange,DC8751-800
882,15,0.0,0.0,1.0,0.0,gold,DZ5943-100
883,22,0.0,0.0,0.0,0.0,,FJ8896-900
884,20,1.0,1.0,1.0,1.0,brown,DC7695-102
885,0,1.0,1.0,1.0,1.0,purple,DH0623-400
886,14,0.0,0.0,1.0,0.0,,DZ5952-100
887,3,0.0,0.0,1.0,0.0,green,DX3946-100
888,18,1.0,0.0,1.0,1.0,gold,DV2757-201
889,13,1.0,0.0,1.0,1.0,gold,DX4397-170
890,17,1.0,1.0,1.0,1.0,,FB9728-600
891,16,1.0,0.0,0.0,0.0,,AQ1199-001
892,17,1.0,1.0,1.0,1.0,brown,HF0795-101
893,2,1.0,1.0,1.0,1.0,green,DR8785-401
894,17,0.0,0.0,0.0,0.0,,FB2382-900
895,5,1.0,0.0,1.0,0.0,,DO9387-001
896,20,1.0,0.0,1.0,0.0,brown,DR0508-001
897,2,1.0,0.0,1.0,1.0,,DM0029-105
898,9,1.0,1.0,1.0,0.0,brown,DM0825-103
899,17,1.0,0.0,1.0,1.0,green,DX3666-005
900,12,1.0,0.0,0.0,0.0,brown,FQ9044-800
901,2,1.0,1.0,1.0,1.0,gold,FQ0205-133
902,7,1.0,0.0,1.0,0.0,,DM9015-105
903,14,1.0,1.0,1.0,1.0,green,CT6649-414
904,14,1.0,1.0,1.0,1.0,green,DA5457-010
905,17,0.0,1.0,0.0,0.0,brown,FJ1683-100
906,16,1.0,0.0,1.0,0.0,,DJ6258-100
907,8,1.0,1.0,1.0,1.0,green,DA5455-616
908,23,1.0,1.0,1.0,1.0,,DZ2906-600
909,2,0.0,0.0,1.0,0.0,khaki,DV0804-200
910,13,1.0,1.0,1.0,0.0,,DQ9624-400
911,17,1.0,1.0,1.0,0.0,,DH2987-112
912,6,1.0,1.0,1.0,1.0,pink,DJ6521-002
913,16,1.0,0.0,1.0,0.0,pink,DX7998-700
914,17,1.0,0.0,1.0,1.0,green,DR2693-300
915,17,1.0,1.0,1.0,1.0,violet,DJ6517-001
916,5,1.0,1.0,1.0,0.0,,DM0259-900
917,17,1.0,1.0,1.0,1.0,green,DV3276-600
918,17,0.0,0.0,0.0,1.0,,DX5266-902
919,15,1.0,0.0,1.0,0.0,brown,CT1726-100
920,1,1.0,0.0,1.0,0.0,,CQ9179-100
921,19,1.0,0.0,1.0,0.0,brown,DM3494-301
922,13,1.0,0.0,0.0,0.0,brown,805899-202
923,6,0.0,1.0,1.0,0.0,gold,FJ0980-001
924,17,1.0,0.0,1.0,0.0,pink,DX7999-100
925,17,1.0,1.0,1.0,1.0,purple,DC8185-010
926,16,0.0,0.0,0.0,0.0,,CW7635-991
927,16,1.0,0.0,1.0,1.0,,DD9472-040
928,18,1.0,1.0,1.0,1.0,green,DA5456-001
929,17,1.0,1.0,1.0,0.0,pink,FQ8829-100
930,17,1.0,1.0,1.0,1.0,purple,DJ7883-300
931,7,1.0,0.0,1.0,0.0,gold,DQ1872-001
932,2,1.0,0.0,1.0,0.0,purple,DV5477-600
933,17,0.0,0.0,0.0,0.0,,FZ0814-900
934,22,1.0,1.0,1.0,1.0,brown,DV1403-002
935,1,0.0,0.0,1.0,0.0,brown,FB9891-100
936,16,1.0,1.0,1.0,1.0,,DJ6519-104
937,17,0.0,0.0,0.0,0.0,,DV2273-900
938,6,1.0,1.0,1.0,0.0,gold,AT5889-407
939,16,1.0,1.0,1.0,1.0,brown,DV3278-700
940,1,1.0,0.0,1.0,1.0,green,DJ3056-004
941,5,1.0,0.0,1.0,0.0,,CW1648-003
942,23,1.0,0.0,1.0,0.0,gold,FD0088-100
943,1,1.0,1.0,1.0,0.0,,DA1105-400
944,0,0.0,0.0,0.0,0.0,,
945,17,1.0,1.0,1.0,0.0,,416355-001
946,3,1.0,1.0,1.0,0.0,brown,DO9328-004
947,17,1.0,1.0,1.0,0.0,olive,DX9428-003
948,20,0.0,0.0,0.0,0.0,,DV3908-900
949,8,1.0,1.0,1.0,1.0,purple,FV0400-001
950,12,1.0,0.0,1.0,1.0,,FJ5464-010
951,18,1.0,0.0,1.0,0.0,,DV4337-300
952,17,1.0,1.0,1.0,1.0,purple,DZ3299-400
953,13,1.0,1.0,1.0,1.0,orange,DR2695-600
954,2,1.0,1.0,1.0,1.0,,DC9835-300
955,20,1.0,0.0,1.0,0.0,,166800C-001
956,13,1.0,1.0,1.0,0.0,,CZ5478-400
957,14,1.0,0.0,1.0,1.0,brown,DV2018-600
958,21,1.0,0.0,1.0,1.0,purple,DM8465-100
959,6,1.0,1.0,1.0,1.0,purple,FJ1056-100
960,26,0.0,0.0,0.0,0.0,,FJ4036-900
961,13,1.0,1.0,1.0,0.0,,DJ5590-103
962,4,1.0,0.0,0.0,0.0,,DC8877-200
963,16,1.0,0.0,1.0,0.0,brown,DC7695-100
964,1,1.0,1.0,1.0,1.0,green,DA8697-001
965,22,1.0,1.0,1.0,1.0,green,DV6798-001
966,5,1.0,0.0,1.0,0.0,pink,DJ4471-121
967,18,1.0,0.0,1.0,1.0,,DD9482-040
968,2,1.0,0.0,1.0,0.0,pink,DJ4487-121
969,10,1.0,0.0,1.0,1.0,orange,DZ4475-300
970,10,1.0,0.0,0.0,0.0,gold,DD0553-002
971,6,1.0,1.0,1.0,1.0,pink,DO7189-100
972,9,0.0,1.0,1.0,0.0,,DM0886-100
973,10,1.0,0.0,1.0,0.0,,FN8406-300
974,20,1.0,0.0,1.0,0.0,orchid,DZ5961-100
975,2,0.0,0.0,0.0,0.0,gold,DN1856-002
976,0,1.0,1.0,1.0,1.0,purple,FN3435-148
977,10,1.0,0.0,1.0,0.0,orange,DD0535-002
978,16,1.0,0.0,1.0,1.0,gold,FB1396-070
979,18,1.0,0.0,1.0,1.0,,DH9227-101
980,1,1.0,0.0,1.0,1.0,green,DX2670-001
981,10,1.0,1.0,0.0,0.0,,DX5643-002
982,24,0.0,0.0,0.0,0.0,,FJ8890-905
983,17,1.0,1.0,1.0,1.0,khaki,CD6404-400
984,10,1.0,0.0,1.0,1.0,brown,BQ4639-203
985,13,1.0,0.0,1.0,0.0,brown,DV7903-003
986,8,1.0,0.0,0.0,0.0,green,FD0759-133
987,9,1.0,1.0,1.0,1.0,green,DR6191-103
988,1,0.0,0.0,1.0,0.0,,CZ6559-110
989,1,1.0,1.0,1.0,0.0,green,DD9315-108
990,13,1.0,0.0,1.0,0.0,,DJ5598-040
991,20,1.0,0.0,1.0,0.0,,CW2290-111
992,5,1.0,0.0,1.0,1.0,,DC9969-600
993,1,1.0,0.0,1.0,1.0,,CJ8524-401
994,8,1.0,0.0,1.0,0.0,orange,DC4073-003
995,16,1.0,1.0,1.0,0.0,brown,DC8466-102
996,15,1.0,1.0,1.0,1.0,,FN7454-100
997,6,1.0,0.0,1.0,0.0,brown,DZ3744-100
998,10,1.0,0.0,1.0,0.0,,366683-003
999,19,1.0,0.0,1.0,0.0,gold,FD0090-101
1000,5,0.0,0.0,1.0,0.0,gold,DM0106-117
1001,17,1.0,1.0,1.0,1.0,brown,FQ8725-084
1002,17,1.0,0.0,1.0,0.0,orange,DM1106-002
1003,9,0.0,1.0,1.0,0.0,orange,FJ1582-130
1004,2,1.0,1.0,1.0,1.0,gold,FD0735-442
1005,7,1.0,0.0,1.0,0.0,gold,FN2452-170
1006,23,1.0,0.0,1.0,1.0,,CI2964-610
1007,13,1.0,0.0,1.0,1.0,,FD9081-001
1008,17,1.0,1.0,1.0,0.0,orange,DM4044-102
1009,17,0.0,0.0,0.0,0.0,,DO7432-900
1010,17,1.0,1.0,1.0,1.0,green,DM1120-008
1011,3,0.0,0.0,0.0,0.0,green,DV5468-300
1012,22,1.0,0.0,1.0,0.0,violet,DZ3306-100
1013,2,1.0,1.0,1.0,0.0,purple,DC1975-001
1014,2,1.0,1.0,1.0,1.0,rose,FD3598-001
1015,11,1.0,0.0,1.0,1.0,,FB2863-600
1016,11,1.0,0.0,1.0,0.0,orange,CV5708-010
1017,8,1.0,0.0,1.0,1.0,,DZ2545-600
1018,14,1.0,1.0,1.0,1.0,brown,DX1165-100
1019,21,1.0,0.0,1.0,0.0,,DZ5984-100
1020,10,1.0,0.0,1.0,0.0,green,DX5644-002
1021,1,1.0,1.0,1.0,0.0,,CN0050-100
1022,0,1.0,0.0,1.0,0.0,lime,DZ5320-200
1023,16,0.0,1.0,1.0,1.0,green,FN0096-401
1024,1,1.0,0.0,1.0,1.0,green,DR6966-102
1025,4,1.0,0.0,0.0,0.0,brown,FN0234-104
1026,18,1.0,0.0,1.0,1.0,,DZ6763-102
1027,19,0.0,1.0,1.0,1.0,,FD0268-100
1028,20,1.0,1.0,1.0,0.0,green,DJ6418-001
1029,0,0.0,0.0,0.0,0.0,,
1030,20,1.0,1.0,1.0,0.0,pink,DR2733-400
1031,21,1.0,1.0,1.0,1.0,brown,DM1124-002
1032,6,1.0,1.0,1.0,1.0,violet,FB2908-106
1033,9,1.0,0.0,1.0,0.0,,AH4000-100
1034,3,1.0,0.0,0.0,0.0,,456975-001
1035,0,0.0,1.0,1.0,0.0,,DA1446-100
1036,3,1.0,0.0,1.0,0.0,brown,DV3353-001
1037,17,1.0,0.0,1.0,1.0,gold,621716-020
1038,14,1.0,0.0,1.0,0.0,,CW3396-001
1039,0,0.0,0.0,0.0,0.0,,
1040,17,0.0,0.0,0.0,1.0,,FV0392-101
1041,23,1.0,0.0,1.0,0.0,green,FQ3391-010
1042,25,1.0,1.0,1.0,0.0,pink,DR2756-400
1043,14,0.0,0.0,1.0,0.0,gold,DQ7674-001
1044,16,0.0,0.0,1.0,0.0,gold,DZ6003-100
1045,17,1.0,0.0,0.0,0.0,olive,FB9722-001
1046,3,1.0,1.0,1.0,1.0,,CT3550-101
1047,26,0.0,0.0,0.0,0.0,,FJ4036-900
1048,17,1.0,0.0,1.0,0.0,brown,FB2067-003
1049,12,1.0,0.0,1.0,0.0,orange,DH7546-101
1050,12,1.0,0.0,0.0,1.0,,FV3826-001
1051,17,1.0,1.0,1.0,1.0,green,DR2686-001
1052,1,1.0,1.0,1.0,0.0,orange,CZ4099-400
1053,6,1.0,0.0,0.0,0.0,,DV4330-300
1054,17,0.0,0.0,0.0,0.0,,FZ3984-900
1055,19,1.0,0.0,0.0,0.0,,DV4340-040
1056,16,1.0,0.0,1.0,0.0,,DJ5605-300
1057,23,1.0,1.0,1.0,0.0,brown,DV1202-601
1058,11,1.0,1.0,1.0,1.0,green,DA5456-101
1059,10,1.0,0.0,1.0,0.0,orange,DD0550-002
1060,2,1.0,1.0,1.0,1.0,,DR0455-001
1061,10,1.0,1.0,1.0,0.0,brown,580456-500
1062,19,1.0,0.0,1.0,1.0,,DD9473-040
1063,17,0.0,0.0,0.0,0.0,,FN6743-900
1064,17,0.0,0.0,0.0,0.0,,DV2273-900
1065,5,1.0,1.0,1.0,0.0,,DZ2522-001
1066,2,1.0,0.0,1.0,0.0,brown,CI9923-005
1067,1,1.0,0.0,1.0,1.0,green,DH1537-002
1068,17,1.0,1.0,1.0,1.0,brown,DD0204-009
1069,9,1.0,0.0,1.0,0.0,brown,DH0956-002
1070,20,0.0,0.0,0.0,0.0,,DZ3635-900
1071,19,1.0,1.0,1.0,1.0,pink,DD9463-300
1072,16,1.0,0.0,1.0,0.0,,DD9477-300
1073,21,1.0,0.0,1.0,0.0,purple,CT0079-101
1074,1,1.0,1.0,1.0,0.0,green,CT2405-606
1075,22,1.0,0.0,1.0,0.0,,FQ1910-100
1076,0,1.0,1.0,1.0,1.0,brown,FJ0691-100
1077,15,0.0,0.0,0.0,0.0,,FZ4655-900
1078,17,1.0,0.0,1.0,0.0,green,DV7775-300
1079,22,0.0,0.0,0.0,0.0,,FJ8902-900
1080,6,1.0,0.0,0.0,0.0,,FB8894-002
1081,15,1.0,0.0,1.0,1.0,,DZ2927-400
1082,19,0.0,0.0,0.0,0.0,,DX5260-900
1083,6,1.0,0.0,1.0,1.0,brown,CN9675-100
1084,1,1.0,1.0,1.0,0.0,brown,DA7995-400
1085,17,1.0,0.0,1.0,0.0,brown,DJ6158-201
1086,7,1.0,0.0,0.0,0.0,gold,DD0524-002
1087,15,1.0,1.0,1.0,1.0,,FB2906-600
1088,1,0.0,0.0,0.0,0.0,brown,DO9388-006
1089,15,0.0,0.0,0.0,0.0,brown,FD1643-300
1090,10,1.0,0.0,1.0,1.0,brown,CZ0931-003
1091,2,1.0,0.0,1.0,0.0,,DJ5961-600
1092,19,0.0,0.0,0.0,0.0,,FN6753-900
1093,11,0.0,0.0,0.0,0.0,brown,FV1699-801
1094,4,1.0,1.0,0.0,0.0,,FZ5758-004
1095,0,0.0,0.0,0.0,0.0,,
1096,9,1.0,0.0,0.0,0.0,,FJ4414-200
1097,24,1.0,1.0,1.0,0.0,pink,DC8749-401
1098,23,1.0,0.0,1.0,1.0,gold,AO2416-101
1099,22,1.0,0.0,1.0,0.0,gold,DM8199-064
1100,10,1.0,0.0,1.0,0.0,purple,DZ0962-002
1101,17,1.0,1.0,1.0,1.0,brown,DZ2617-101
1102,3,1.0,0.0,1.0,1.0,,FN7400-140
1103,21,1.0,1.0,1.0,0.0,,M9160-000
1104,16,1.0,1.0,1.0,1.0,,DJ6516-012
1105,1,1.0,0.0,1.0,0.0,brown,FB2812-100
1106,3,1.0,0.0,1.0,0.0,,DC1460-007
1107,17,0.0,0.0,0.0,0.0,,DQ9700-900
1108,17,1.0,0.0,1.0,1.0,gold,CK9951-004
1109,22,0.0,0.0,0.0,0.0,,FJ2253-901
1110,10,1.0,0.0,1.0,1.0,,DH5088-414
1111,9,1.0,0.0,1.0,0.0,,FD7855-002
1112,20,1.0,0.0,1.0,1.0,green,DZ0503-002
1113,19,1.0,0.0,0.0,0.0,,DJ5165-040
1114,12,1.0,0.0,1.0,0.0,brown,DR0126-300
1115,12,0.0,0.0,0.0,0.0,gold,CW3203-600
1116,7,1.0,0.0,0.0,1.0,gold,DR7882-600
1117,17,1.0,1.0,1.0,1.0,brown,DV2436-101
1118,23,0.0,0.0,0.0,0.0,,FJ4831-900
1119,14,0.0,0.0,1.0,0.0,orange,DZ5998-100
1120,9,1.0,1.0,0.0,1.0,,FN5714-001
1121,13,1.0,1.0,0.0,1.0,,DD1901-600
1122,20,1.0,0.0,0.0,0.0,,FN3717-001
1123,10,1.0,0.0,0.0,0.0,purple,DD0531-002
1124,8,1.0,0.0,1.0,1.0,,CV0582-010
1125,12,1.0,0.0,1.0,0.0,green,DD9535-004
1126,13,1.0,1.0,1.0,1.0,green,DX5050-200
1127,15,0.0,0.0,0.0,0.0,,FZ4653-900
1128,1,0.0,0.0,1.0,0.0,,FJ4004-100
1129,22,0.0,0.0,0.0,0.0,,FN0569-900
1130,2,0.0,0.0,1.0,0.0,purple,DQ1979-500
1131,10,1.0,0.0,1.0,1.0,gold,CD7069-160
1132,17,1.0,1.0,1.0,1.0,brown,BV1171-100
1133,23,0.0,0.0,0.0,0.0,,FB2390-900
1134,1,1.0,1.0,1.0,0.0,brown,DZ3025-001
1135,1,1.0,1.0,1.0,0.0,green,DM0573-101
1136,3,1.0,0.0,1.0,1.0,,CI4510-001
1137,16,1.0,0.0,1.0,1.0,violet,CW7356-011
1138,17,1.0,0.0,1.0,0.0,orange,DZ2616-800
1139,5,1.0,0.0,1.0,0.0,gold,CZ9890-007
1140,23,1.0,0.0,0.0,0.0,brown,CJ9179-200
1141,9,0.0,0.0,0.0,0.0,,846438-997
1142,7,1.0,0.0,1.0,1.0,,CK6024-002
1143,17,0.0,0.0,0.0,0.0,,DO7437-900
1144,17,1.0,1.0,1.0,1.0,green,DX9016-004
1145,5,1.0,0.0,1.0,0.0,,AV5355-101
1146,0,0.0,0.0,0.0,0.0,,
1147,0,1.0,0.0,1.0,0.0,orange,FQ8822-084
1148,17,1.0,0.0,0.0,0.0,,FD6692-001
1149,15,0.0,0.0,0.0,0.0,,FJ8900-900
1150,15,1.0,1.0,1.0,1.0,orange,DQ3984-003
1151,9,1.0,0.0,1.0,1.0,,DN3687-002
1152,2,1.0,0.0,1.0,0.0,,FJ6805-001
1153,13,1.0,1.0,1.0,0.0,purple,CT3886-301
1154,14,1.0,0.0,0.0,0.0,gold,FN0113-200
1155,3,0.0,0.0,0.0,0.0,gold,DV6801-701
1156,0,1.0,0.0,1.0,1.0,,DX4233-001
1157,22,0.0,0.0,0.0,0.0,,FN0569-900
1158,1,1.0,0.0,1.0,0.0,pink,DJ5629-605
1159,1,1.0,0.0,0.0,0.0,,DJ5969-040
1160,12,1.0,1.0,1.0,1.0,,DJ6015-603
1161,0,0.0,0.0,0.0,0.0,,
1162,7,0.0,1.0,1.0,0.0,green,DQ7673-003
1163,11,1.0,0.0,1.0,1.0,purple,DN3686-105
1164,15,0.0,0.0,0.0,0.0,,FJ8900-900
1165,14,1.0,1.0,1.0,1.0,,CT6648-010
1166,18,1.0,1.0,1.0,0.0,brown,FJ7098-701
1167,17,1.0,0.0,0.0,0.0,pink,DX5049-900
1168,2,1.0,0.0,1.0,1.0,,DD9441-040
1169,4,1.0,1.0,1.0,0.0,,DR6851-100
1170,7,1.0,0.0,1.0,0.0,gold,DN3555-600
1171,4,1.0,1.0,1.0,0.0,purple,DR1020-400
1172,22,0.0,0.0,0.0,0.0,,FN0569-900
1173,18,1.0,0.0,1.0,0.0,pink,FD1164-600
1174,22,0.0,0.0,0.0,0.0,,FN0569-900
1175,10,1.0,1.0,1.0,1.0,purple,DD9284-400
1176,19,0.0,0.0,1.0,0.0,green,DZ5999-100
1177,0,0.0,0.0,0.0,0.0,,
1178,17,1.0,0.0,1.0,0.0,brown,DR0453-005
1179,7,0.0,0.0,0.0,0.0,brown,DV5255-200
1180,5,1.0,0.0,1.0,0.0,olive,CZ7399-330
1181,12,0.0,0.0,1.0,0.0,green,DZ5941-100
1182,17,0.0,0.0,0.0,0.0,,
1183,3,1.0,0.0,0.0,1.0,green,DN5079-300
1184,22,0.0,0.0,0.0,0.0,,FN0569-900
1185,24,0.0,0.0,0.0,0.0,,CU1722-960
1186,0,0.0,0.0,0.0,0.0,,
1187,14,0.0,0.0,1.0,0.0,orange,DZ5966-100
1188,17,1.0,0.0,0.0,0.0,,862507-201
1189,6,0.0,0.0,1.0,0.0,,FN8405-600
1190,17,0.0,1.0,0.0,0.0,khaki,FB8877-200
1191,13,1.0,0.0,1.0,1.0,,FJ8915-400
1192,17,0.0,0.0,0.0,0.0,,FD9781-900
1193,12,0.0,0.0,0.0,0.0,,A05685C-650
1194,17,1.0,0.0,1.0,0.0,lime,FB1374-101
1195,1,1.0,0.0,1.0,0.0,brown,FQ8075-133
1196,11,1.0,0.0,1.0,1.0,,CW0784-161
1197,0,1.0,1.0,1.0,0.0,,FD6812-400
1198,5,0.0,1.0,1.0,1.0,,FN6840-657
1199,11,1.0,1.0,1.0,1.0,,DZ0502-401
1200,0,0.0,0.0,0.0,0.0,,
1201,15,0.0,0.0,1.0,0.0,orange,DX5883-100
1202,0,1.0,0.0,0.0,0.0,,922474-001
1203,1,1.0,1.0,1.0,0.0,brown,DH3392-004
1204,10,1.0,0.0,1.0,0.0,purple,DX5637-002
1205,12,1.0,0.0,1.0,1.0,,DX1800-160
1206,2,1.0,1.0,0.0,1.0,purple,DV1206-100
1207,6,0.0,1.0,1.0,0.0,pink,DH5359-400
1208,0,1.0,1.0,1.0,1.0,purple,DH3394-008
1209,19,0.0,1.0,1.0,0.0,green,CZ2959-402
1210,13,1.0,0.0,1.0,0.0,,DA8535-001
1211,26,0.0,0.0,0.0,0.0,,HF0004-900
1212,5,1.0,1.0,1.0,0.0,,DZ7739-700
1213,14,1.0,0.0,0.0,0.0,gold,525393-770
1214,19,0.0,0.0,0.0,0.0,,FN6749-906
1215,6,1.0,0.0,1.0,0.0,,DM0590-100
1216,8,1.0,0.0,1.0,0.0,purple,FD0204-001
1217,5,1.0,0.0,1.0,0.0,gold,FB8875-700
1218,6,1.0,0.0,0.0,1.0,brown,FB1950-001
1219,22,1.0,1.0,1.0,0.0,pink,DC8725-101
1220,18,1.0,0.0,1.0,0.0,,DJ5603-040
1221,0,0.0,0.0,0.0,0.0,,922471-900
1222,5,0.0,0.0,0.0,0.0,,828654-900
1223,26,0.0,0.0,0.0,0.0,,FB2390-900
1224,0,0.0,0.0,0.0,0.0,,
1225,10,1.0,0.0,1.0,0.0,,DX5638-002
1226,1,1.0,1.0,1.0,0.0,green,DV2114-001
1227,19,1.0,0.0,1.0,0.0,,AT6178-010
1228,20,1.0,1.0,1.0,0.0,pink,AO0808-002
1229,26,0.0,0.0,0.0,0.0,,HF0004-900
1230,16,1.0,1.0,1.0,1.0,gold,CW4555-015
1231,1,1.0,0.0,1.0,0.0,,DC9093-001
1232,22,1.0,1.0,1.0,1.0,khaki,DV1376-101
1233,12,1.0,0.0,1.0,0.0,,CV0584-010
1234,10,1.0,1.0,1.0,0.0,,DD0552-002
1235,10,1.0,1.0,0.0,0.0,gold,DX5209-002
1236,2,1.0,0.0,1.0,0.0,gold,FQ2140-100
1237,17,0.0,0.0,0.0,0.0,,AQ1202-900
1238,23,0.0,0.0,0.0,0.0,,FQ7223-905
1239,20,1.0,0.0,1.0,0.0,,CW2289-001
1240,9,1.0,1.0,1.0,1.0,brown,FN6830-001
1241,17,0.0,0.0,0.0,0.0,,FB5058-900
1242,16,0.0,0.0,1.0,0.0,green,DZ5947-100
1243,18,1.0,0.0,1.0,0.0,,DH7505-001
1244,15,1.0,1.0,1.0,1.0,purple,DM8968-601
1245,17,0.0,1.0,1.0,0.0,pink,DR2741-400
1246,17,1.0,1.0,1.0,1.0,,FJ0685-010
1247,15,0.0,1.0,1.0,1.0,,DH4120-101
1248,17,1.0,1.0,1.0,1.0,,DJ6524-104
1249,1,1.0,0.0,1.0,0.0,,DC8992-003
1250,21,1.0,1.0,1.0,0.0,,M9697-410
1251,17,1.0,0.0,1.0,1.0,brown,CI2955-160
1252,3,0.0,1.0,1.0,0.0,gold,DR0826-100
1253,13,1.0,0.0,1.0,1.0,,CQ3835-106
1254,12,1.0,0.0,1.0,0.0,gold,DN4180-070
1255,22,1.0,0.0,1.0,0.0,green,FV6149-001
1256,19,1.0,0.0,1.0,0.0,,DD9469-300
1257,0,1.0,0.0,1.0,1.0,,487471-016
1258,22,0.0,0.0,0.0,0.0,,FN0569-900
1259,13,1.0,0.0,1.0,0.0,,FB3124-100
1260,17,1.0,1.0,1.0,1.0,,FQ4112-001
1261,12,1.0,0.0,1.0,0.0,,DJ5631-300
1262,10,0.0,0.0,1.0,0.0,green,DO9801-300
1263,18,0.0,1.0,1.0,0.0,gold,DZ5988-100
1264,18,1.0,0.0,1.0,0.0,gold,325256-100
1265,17,0.0,0.0,1.0,0.0,green,DZ5979-100
1266,5,1.0,1.0,1.0,0.0,brown,864349-204
1267,26,0.0,0.0,0.0,0.0,,FJ4036-900
1268,16,1.0,1.0,1.0,0.0,pink,685135-004
1269,26,0.0,0.0,0.0,0.0,,FJ4036-900
1270,1,0.0,0.0,1.0,1.0,,CZ9164-100
1271,7,1.0,1.0,1.0,0.0,purple,DJ6149-101
1272,18,1.0,0.0,1.0,0.0,,DV4333-040
1273,15,1.0,0.0,1.0,1.0,,AV5354-101
1274,2,1.0,0.0,0.0,0.0,,DJ5962-040
1275,12,1.0,1.0,1.0,0.0,,DZ2527-100
1276,17,0.0,0.0,0.0,1.0,green,FB8895-300
1277,17,0.0,0.0,1.0,1.0,,FV8105-161
1278,23,1.0,1.0,1.0,1.0,gold,CI2952-004
1279,15,1.0,0.0,1.0,0.0,,FB2394-001
1280,17,1.0,1.0,1.0,0.0,pink,AJ8119-002
1281,2,1.0,0.0,1.0,0.0,,487754-100
1282,6,1.0,0.0,1.0,0.0,green,DZ7738-700
1283,10,1.0,0.0,1.0,1.0,,DX5639-002
1284,5,0.0,1.0,1.0,0.0,orange,FJ1581-160
1285,2,1.0,0.0,0.0,0.0,,DB4109-001
1286,17,1.0,0.0,0.0,0.0,olive,FB8881-200
1287,6,1.0,1.0,1.0,1.0,,CV0586-616
1288,3,1.0,1.0,1.0,0.0,,DC5221-041
1289,20,0.0,0.0,0.0,0.0,green,FZ3592-259
1290,16,1.0,0.0,0.0,1.0,,FQ9395-600
1291,17,0.0,0.0,1.0,0.0,,DZ5986-100
1292,9,1.0,0.0,1.0,0.0,,FD1167-600
1293,23,1.0,0.0,1.0,0.0,green,FV6147-001
1294,5,1.0,0.0,1.0,1.0,,AR3762-001
1295,0,0.0,0.0,0.0,0.0,,
1296,2,1.0,0.0,1.0,0.0,,DR2018-001
1297,17,0.0,0.0,1.0,0.0,gold,FN7481-100
1298,2,1.0,1.0,1.0,0.0,brown,CT0550-470
1299,2,1.0,1.0,0.0,0.0,orange,FD8701-001
1300,0,0.0,1.0,1.0,0.0,,DR0290-001
1301,14,1.0,0.0,1.0,0.0,brown,DM0822-101
1302,2,1.0,0.0,1.0,0.0,,CZ5914-100
1303,0,1.0,0.0,1.0,1.0,,DV9956-006
1304,19,1.0,0.0,1.0,1.0,brown,DM3493-606
1305,0,0.0,0.0,0.0,0.0,,
1306,16,0.0,0.0,1.0,1.0,,FB9152-100
1307,17,1.0,0.0,1.0,1.0,,FN4442-001
1308,16,1.0,0.0,1.0,1.0,orange,DH3396-001
1309,17,1.0,1.0,1.0,0.0,pink,685134-400
1310,2,1.0,0.0,1.0,0.0,brown,DN1772-108
1311,4,0.0,0.0,1.0,0.0,,DM2424-330
1312,7,0.0,0.0,1.0,1.0,gold,FD7039-600
1313,7,1.0,0.0,1.0,0.0,,DJ5622-300
1314,16,1.0,0.0,1.0,1.0,gold,FN4182-001
1315,9,0.0,0.0,1.0,0.0,orange,FZ3507-100
1316,0,1.0,1.0,1.0,0.0,green,DD0518-001
1317,17,0.0,1.0,1.0,0.0,,FB8902-100
1318,0,1.0,0.0,1.0,0.0,brown,DZ3522-001
1319,0,0.0,0.0,0.0,0.0,,
1320,0,1.0,0.0,1.0,0.0,,CK9388-001
1321,0,0.0,0.0,0.0,0.0,,
1322,11,0.0,0.0,1.0,0.0,,DZ5980-100
1323,5,1.0,0.0,1.0,0.0,,DH2482-101
1324,1,0.0,0.0,0.0,0.0,orange,DQ7605-200
1325,17,1.0,1.0,1.0,0.0,green,DV2139-100
1326,12,1.0,0.0,0.0,1.0,,DJ7552-002
1327,17,1.0,0.0,1.0,1.0,,DZ5977-100
1328,10,1.0,0.0,1.0,0.0,,DD0549-002
1329,17,1.0,1.0,1.0,1.0,,DJ7381-001
1330,0,0.0,0.0,0.0,0.0,,
1331,3,1.0,0.0,1.0,1.0,brown,CU4826-101
1332,24,1.0,0.0,1.0,0.0,gold,FN0310-100
1333,11,0.0,0.0,1.0,0.0,,DC7501-300
1334,16,0.0,1.0,1.0,0.0,gold,FV6911-300
1335,3,1.0,0.0,1.0,1.0,,DZ7742-600
1336,2,1.0,0.0,1.0,1.0,,FB7815-100
1337,0,1.0,0.0,1.0,0.0,orange,FD8356-100
1338,23,0.0,0.0,1.0,0.0,brown,DJ4473-170
1339,0,0.0,0.0,0.0,0.0,,
1340,5,1.0,0.0,0.0,0.0,olive,CN2269-003
1341,17,1.0,1.0,1.0,0.0,,FD2291-001
1342,16,1.0,0.0,1.0,1.0,,DZ5949-100
1343,24,0.0,0.0,0.0,0.0,,CU1724-960
1344,0,1.0,0.0,1.0,0.0,,DV4342-100
1345,10,0.0,1.0,0.0,0.0,lime,DZ1725-300
1346,16,1.0,0.0,1.0,0.0,,DV2020-001
1347,17,1.0,0.0,1.0,0.0,,FD6691-001
1348,19,1.0,0.0,0.0,0.0,,DV4344-040
1349,5,0.0,1.0,1.0,0.0,orange,DX6779-100
1350,0,1.0,0.0,1.0,0.0,orange,DV2619-100
1351,5,1.0,1.0,1.0,0.0,,DD0503-002
1352,6,0.0,1.0,1.0,0.0,,DZ6001-100
1353,19,1.0,1.0,1.0,1.0,gold,FD5113-600
1354,1,1.0,1.0,1.0,0.0,orange,DC8892-001
1355,16,1.0,0.0,0.0,0.0,,FD6693-001
1356,8,1.0,0.0,1.0,0.0,,DZ7744-001
1357,23,1.0,0.0,1.0,0.0,,FD6853-001
1358,12,1.0,0.0,1.0,1.0,green,DV7896-600
1359,16,1.0,0.0,1.0,0.0,,DM9132-001
1360,3,1.0,0.0,1.0,0.0,,DV7192-001
1361,6,1.0,1.0,1.0,0.0,,DZ7746-001
1362,8,1.0,0.0,1.0,1.0,,553558-161
1363,0,0.0,0.0,0.0,0.0,,
1364,18,1.0,0.0,1.0,1.0,gold,HF5258-102
1365,9,1.0,1.0,0.0,1.0,,DD0505-002
1366,17,1.0,1.0,1.0,0.0,,FN2152-001
1367,22,0.0,0.0,1.0,0.0,,FB8942-133
1368,18,1.0,0.0,1.0,0.0,,FD1168-600
1369,16,0.0,0.0,0.0,0.0,brown,DV7186-301
1370,17,0.0,1.0,1.0,0.0,,FB2664-600
1371,1,0.0,0.0,0.0,0.0,pink,DO6676-200
1372,10,1.0,0.0,0.0,0.0,,DX5645-002
1373,10,1.0,1.0,0.0,0.0,gold,DD0555-002
1374,15,1.0,0.0,1.0,0.0,,DZ6002-100
1375,22,0.0,0.0,0.0,0.0,,FN0569-900
1376,16,1.0,0.0,1.0,0.0,,CW6539-301
1377,16,1.0,0.0,1.0,1.0,green,DA5457-001
1378,15,1.0,0.0,1.0,0.0,pink,DX7992-700
1379,7,1.0,0.0,1.0,1.0,green,DZ2554-001
1380,12,1.0,0.0,1.0,0.0,gold,342964-042
1381,12,1.0,1.0,1.0,1.0,,FV3928-101
1382,13,1.0,0.0,0.0,0.0,,CN9675-015
1383,8,0.0,0.0,1.0,0.0,,DA0701-002
1384,8,0.0,1.0,1.0,0.0,gold,DO5047-407
1385,17,0.0,0.0,1.0,0.0,gold,DX1156-101
1386,2,1.0,0.0,1.0,1.0,,DH0606-002
1387,15,1.0,0.0,1.0,0.0,,BQ3378-100
1388,19,1.0,0.0,0.0,0.0,,DD9483-040
1389,3,0.0,0.0,1.0,0.0,gold,DX7435-007
1390,17,1.0,1.0,1.0,1.0,green,AH8050-107
1391,1,1.0,1.0,1.0,1.0,,DH1270-100
1392,0,0.0,0.0,0.0,0.0,,
1393,2,1.0,0.0,1.0,0.0,,DZ4558-100
1394,17,1.0,0.0,1.0,0.0,orange,DH9522-003
1395,17,1.0,0.0,1.0,0.0,,849559-100
1396,2,0.0,0.0,1.0,0.0,,DV1407-100
1397,1,0.0,0.0,1.0,0.0,brown,DV2621-200
1398,15,0.0,0.0,0.0,0.0,,DV3907-900
1399,0,0.0,0.0,0.0,0.0,,
1400,10,1.0,0.0,1.0,0.0,,DD0507-002
1401,0,0.0,0.0,0.0,0.0,,
1402,14,0.0,0.0,1.0,0.0,maroon,DZ5992-100
1403,7,1.0,1.0,0.0,0.0,olive,FB8891-001
1404,0,0.0,0.0,0.0,0.0,,
1405,5,1.0,0.0,1.0,0.0,brown,FN3414-100
1406,26,0.0,0.0,0.0,0.0,,FB2390-900
1407,17,1.0,0.0,1.0,0.0,green,FV6148-001
1408,21,1.0,0.0,0.0,0.0,,DX2117-001
1409,10,1.0,0.0,1.0,1.0,,DD0534-002
1410,15,0.0,0.0,1.0,1.0,purple,FN0112-600
1411,7,1.0,0.0,0.0,0.0,,DJ3130-002
1412,2,0.0,0.0,0.0,0.0,,A04955C-101
1413,1,1.0,0.0,1.0,0.0,,DM8449-001
1414,0,1.0,0.0,0.0,0.0,khaki,DD5016-300
1415,14,1.0,0.0,1.0,0.0,,DD9476-040
1416,6,1.0,0.0,1.0,1.0,brown,DA8026-100
1417,1,0.0,0.0,1.0,0.0,,DH7561-107
1418,4,0.0,0.0,1.0,0.0,brown,DX3576-001
1419,4,1.0,0.0,1.0,1.0,,DZ7741-001
1420,4,0.0,1.0,1.0,0.0,,FD0734-442
1421,17,1.0,0.0,1.0,0.0,brown,FJ9532-101
1422,21,1.0,1.0,1.0,1.0,pink,CV0400-400
1423,2,0.0,0.0,0.0,0.0,purple,DR9926-700
1424,5,1.0,0.0,1.0,0.0,green,DX8554-001
1425,3,1.0,0.0,0.0,0.0,,DZ0482-001
1426,4,0.0,0.0,0.0,1.0,brown,FD0789-600
1427,0,0.0,0.0,0.0,0.0,,
1428,21,1.0,1.0,1.0,0.0,purple,CT0079-400
1429,12,1.0,0.0,1.0,0.0,green,322992-131
1430,15,0.0,0.0,1.0,0.0,green,DV0797-100
1431,0,0.0,0.0,0.0,0.0,,
1432,17,1.0,0.0,1.0,0.0,khaki,942836-003
1433,1,0.0,0.0,1.0,0.0,,DA1174-705
1434,17,1.0,0.0,1.0,0.0,,FQ8784-100
1435,7,0.0,0.0,1.0,0.0,,DZ2672-101
1436,4,1.0,0.0,1.0,0.0,,DV7231-001
1437,2,1.0,0.0,1.0,1.0,purple,DM0033-001
1438,22,0.0,0.0,0.0,0.0,,FN0569-900
1439,0,0.0,0.0,0.0,0.0,,
1440,6,1.0,0.0,0.0,0.0,,DV0790-001
1441,14,0.0,0.0,0.0,1.0,olive,DC8793-401
1442,1,1.0,0.0,1.0,1.0,,FV5914-010
1443,19,1.0,1.0,1.0,0.0,pink,CW4440-011
1444,1,0.0,1.0,1.0,0.0,gold,DA3130-241
1445,10,1.0,0.0,0.0,0.0,green,DD0538-002
1446,1,1.0,1.0,1.0,1.0,orange,DH0649-600
1447,3,1.0,1.0,1.0,0.0,pink,CZ8482-054
1448,1,1.0,0.0,1.0,1.0,,CU9978-101
1449,0,0.0,0.0,0.0,0.0,,
1450,10,1.0,0.0,1.0,0.0,,DV4341-300
1451,19,1.0,0.0,1.0,0.0,,DZ5991-100
1452,11,0.0,1.0,1.0,0.0,,FQ8825-100
1453,0,0.0,1.0,1.0,0.0,,DR9513-400
1454,14,1.0,0.0,1.0,1.0,,DJ4888-100
1455,24,1.0,0.0,1.0,0.0,gold,FD0089-101
1456,1,1.0,0.0,0.0,0.0,,DQ6453-400
1457,17,0.0,0.0,0.0,0.0,,FN6743-900
1458,5,1.0,0.0,1.0,0.0,,CT2904-002
1459,16,0.0,1.0,1.0,0.0,orange,DJ6080-800
1460,10,1.0,0.0,1.0,0.0,,DD0506-002
1461,0,0.0,0.0,0.0,0.0,,
1462,14,1.0,1.0,1.0,0.0,,FJ0698-100
1463,19,1.0,0.0,1.0,1.0,,DH9638-600
1464,2,0.0,0.0,0.0,0.0,brown,FD5088-200
1465,16,1.0,1.0,1.0,1.0,green,DV1237-601
1466,1,1.0,0.0,0.0,1.0,orange,DC3727-200
1467,18,1.0,0.0,1.0,0.0,,FD1160-600
1468,20,0.0,1.0,1.0,1.0,,DZ5945-100
1469,26,0.0,0.0,0.0,0.0,,HF0004-900
1470,13,0.0,0.0,1.0,1.0,green,CU6312-100
1471,11,1.0,0.0,1.0,0.0,gold,FN6835-010
1472,26,0.0,0.0,0.0,0.0,,FB2390-900
1473,16,0.0,1.0,1.0,0.0,,DZ5955-100
1474,19,0.0,0.0,0.0,0.0,gold,DV6799-007
1475,1,1.0,0.0,0.0,0.0,purple,DV9193-001
1476,0,0.0,0.0,0.0,0.0,,
1477,1,0.0,0.0,1.0,1.0,,DZ5355-126
1478,10,1.0,0.0,0.0,0.0,brown,454350-700
1479,10,1.0,0.0,1.0,0.0,,CZ9907-200
1480,0,0.0,0.0,0.0,0.0,,
1481,15,0.0,0.0,1.0,0.0,purple,DZ5978-100
1482,1,0.0,0.0,1.0,0.0,gold,DX4980-001
1483,4,1.0,0.0,0.0,0.0,gold,DD6958-001
1484,3,1.0,0.0,1.0,0.0,rose,DV7898-001
1485,1,0.0,0.0,1.0,0.0,orange,FB9120-160
1486,0,0.0,0.0,0.0,0.0,,
1487,26,1.0,1.0,1.0,1.0,purple,FB2239-002
1488,16,0.0,1.0,1.0,0.0,gold,DZ6005-100
1489,5,1.0,0.0,1.0,0.0,,DC3637-160
1490,3,0.0,0.0,0.0,0.0,,CZ1929-200
1491,0,1.0,0.0,1.0,0.0,,537732-004
1492,18,0.0,0.0,0.0,0.0,,FN3720-900
1493,22,0.0,0.0,0.0,0.0,,FJ8893-900
1494,13,0.0,1.0,1.0,0.0,,DZ5968-100
1495,0,0.0,0.0,0.0,0.0,,
1496,5,1.0,1.0,1.0,0.0,,FD0278-001
1497,3,1.0,1.0,1.0,1.0,green,DQ7684-101
1498,17,1.0,0.0,1.0,1.0,,CI1172-601
1499,14,0.0,0.0,1.0,1.0,,DZ6004-100
1500,5,0.0,1.0,1.0,0.0,purple,DQ4128-155
1501,17,1.0,0.0,1.0,0.0,,DZ2615-001
1502,24,1.0,0.0,0.0,1.0,,FV6079-001
1503,1,0.0,0.0,1.0,0.0,orange,FJ4022-025
1504,10,1.0,0.0,1.0,0.0,green,DD0532-002
1505,14,0.0,1.0,1.0,0.0,orange,806561-400
1506,11,1.0,0.0,1.0,0.0,green,DZ3324-003
1507,13,0.0,0.0,0.0,0.0,brown,FB7076-100
1508,18,0.0,0.0,1.0,0.0,,DZ3674-100
1509,17,1.0,1.0,1.0,0.0,khaki,FB8900-001
1510,12,1.0,0.0,0.0,1.0,,CW6999-600
1511,1,1.0,0.0,0.0,0.0,,DV0794-001
1512,0,0.0,1.0,1.0,0.0,,FQ6474-100
1513,3,1.0,0.0,0.0,0.0,gold,DX5575-700
1514,13,1.0,1.0,1.0,0.0,pink,685131-004
1515,9,0.0,0.0,1.0,0.0,green,FD7039-101
1516,17,0.0,0.0,1.0,0.0,orange,DX1978-101
1517,12,1.0,0.0,1.0,0.0,,FJ6245-002
1518,17,0.0,0.0,0.0,0.0,,DO7432-900
1519,18,1.0,0.0,1.0,1.0,,322992-067
1520,17,0.0,0.0,1.0,1.0,khaki,DV0833-600
1521,17,0.0,0.0,1.0,0.0,,DZ5956-100
1522,1,0.0,0.0,1.0,0.0,brown,DJ6229-200
1523,14,0.0,0.0,0.0,0.0,green,FB9761-300
1524,4,1.0,0.0,1.0,1.0,,DZ4839-001
1525,6,0.0,1.0,0.0,0.0,brown,FB8915-400
1526,4,0.0,1.0,0.0,0.0,khaki,DV3050-300
1527,12,0.0,0.0,1.0,0.0,orange,DZ5951-100
1528,1,1.0,0.0,1.0,0.0,,CU3517-014
1529,26,0.0,0.0,0.0,0.0,,HF0004-900
1530,13,0.0,0.0,1.0,1.0,violet,FQ7724-106
1531,14,1.0,0.0,1.0,0.0,green,DV6800-110
1532,4,1.0,0.0,0.0,0.0,green,DC6083-200
1533,10,1.0,0.0,1.0,1.0,,DD0525-002
1534,4,1.0,0.0,1.0,1.0,orange,FJ4923-008
1535,17,1.0,0.0,0.0,0.0,orange,FB9619-001
1536,7,1.0,0.0,1.0,0.0,,CZ5911-100
1537,16,1.0,0.0,0.0,0.0,,DD2858-001
1538,1,0.0,0.0,1.0,0.0,,FD1146-100
1539,21,1.0,0.0,1.0,0.0,orange,DZ5954-100
1540,12,0.0,0.0,1.0,0.0,purple,DZ5959-100
1541,21,1.0,1.0,1.0,0.0,pink,AA1204-400
1542,10,1.0,0.0,1.0,0.0,orange,DD0537-002
1543,6,0.0,1.0,1.0,1.0,,FN6881-100
1544,0,0.0,0.0,0.0,0.0,,
1545,15,0.0,0.0,0.0,0.0,,FZ0815-900
1546,7,1.0,0.0,1.0,1.0,,FD7674-001
1547,22,1.0,0.0,1.0,0.0,orange,DZ5973-100
1548,3,0.0,0.0,1.0,0.0,,DZ5317-121
1549,10,1.0,0.0,0.0,0.0,orange,DD0522-002
1550,10,1.0,0.0,1.0,0.0,,DX5640-002
1551,3,0.0,0.0,1.0,0.0,,DM0107-500
1552,5,0.0,0.0,1.0,0.0,,FB9128-100
1553,4,0.0,0.0,0.0,0.0,,DD9361-212
1554,17,1.0,0.0,1.0,1.0,,DZ0795-102
1555,7,0.0,0.0,1.0,0.0,gold,DN4890-700
1556,6,1.0,0.0,1.0,0.0,,DX4976-100
1557,2,1.0,0.0,1.0,0.0,,CZ6558-110
1558,10,0.0,0.0,0.0,1.0,,FN7439-133
1559,19,0.0,1.0,1.0,0.0,,DZ5944-100
1560,17,1.0,0.0,0.0,0.0,,FN3721-200
1561,0,1.0,0.0,1.0,0.0,,DZ4135-002
1562,0,0.0,0.0,0.0,0.0,,
1563,10,1.0,0.0,0.0,0.0,orange,DD0518-002
1564,17,1.0,1.0,1.0,1.0,brown,687977-020
1565,14,0.0,0.0,1.0,0.0,,DZ5972-100
1566,15,0.0,0.0,0.0,0.0,pink,FD8637-600
1567,3,1.0,0.0,1.0,0.0,,BV2078-100
1568,6,1.0,1.0,1.0,0.0,,DZ7260-400
1569,13,0.0,0.0,0.0,0.0,brown,DO9500-300
1570,0,0.0,0.0,1.0,0.0,orange,FV6909-800
1571,2,0.0,0.0,1.0,0.0,,FD5088-001
1572,3,1.0,0.0,1.0,0.0,,CZ0790-001
1573,0,0.0,0.0,0.0,0.0,,
1574,15,0.0,0.0,0.0,0.0,,FB2392-900
1575,25,1.0,1.0,1.0,1.0,purple,FN0708-400
1576,0,0.0,0.0,0.0,0.0,,
1577,17,1.0,0.0,1.0,0.0,,FQ8740-480
1578,10,1.0,0.0,0.0,0.0,green,DZ0961-002
1579,0,0.0,0.0,0.0,0.0,,
1580,7,1.0,1.0,1.0,0.0,,DV9367-100
1581,15,0.0,0.0,1.0,1.0,,DZ5969-100
1582,4,0.0,0.0,1.0,0.0,gold,DQ7688-170
1583,12,1.0,0.0,1.0,0.0,,FJ2708-001
1584,2,1.0,0.0,1.0,0.0,orange,FQ8749-010
1585,17,0.0,0.0,0.0,1.0,purple,FV8106-181
1586,0,0.0,0.0,0.0,0.0,,
1587,17,0.0,0.0,1.0,1.0,,FJ4451-100
1588,1,0.0,0.0,1.0,0.0,,FN6838-012
1589,14,1.0,0.0,1.0,0.0,,FQ2145-100
1590,2,1.0,0.0,1.0,0.0,,CU3958-002
1591,3,0.0,0.0,0.0,0.0,pink,DV0791-200
1592,1,1.0,0.0,0.0,0.0,pink,FJ2985-001
1593,4,1.0,0.0,1.0,0.0,,FN6843-100
1594,15,1.0,0.0,1.0,0.0,,FZ5056-103
1595,0,0.0,0.0,0.0,0.0,,
1596,8,1.0,0.0,0.0,0.0,olive,BQ9646-004
1597,17,0.0,0.0,0.0,0.0,pink,FB7143-403
1598,10,1.0,1.0,0.0,0.0,,DD0533-002
1599,13,0.0,0.0,1.0,1.0,,DN2647-100
1600,10,1.0,0.0,1.0,0.0,,DX5211-002
1601,2,1.0,1.0,1.0,0.0,,DM0028-400
1602,17,1.0,0.0,1.0,0.0,,CW6539-100
1603,10,1.0,0.0,1.0,0.0,,DD0536-002
1604,17,1.0,0.0,0.0,0.0,,AO7507-001
1605,2,0.0,0.0,0.0,0.0,brown,FQ1099-200
1606,2,1.0,0.0,1.0,0.0,green,DZ7747-001
1607,17,0.0,0.0,1.0,0.0,khaki,FV3628-031
1608,5,0.0,0.0,0.0,1.0,gold,DV1235-100
1609,3,0.0,0.0,0.0,0.0,purple,DR9922-700
1610,20,1.0,0.0,1.0,1.0,,FD0731-001
1611,15,1.0,1.0,1.0,1.0,purple,DZ5995-001
1612,1,1.0,1.0,1.0,1.0,brown,DD0521-001
1613,15,1.0,1.0,1.0,1.0,brown,DZ5976-001
1614,2,0.0,0.0,1.0,0.0,gold,DR2034-400
1615,10,0.0,0.0,0.0,0.0,purple,DD0554-002
1616,10,0.0,0.0,0.0,1.0,,DD0510-002
1617,10,0.0,1.0,0.0,1.0,,DD0526-002
1618,9,0.0,1.0,1.0,0.0,,DD0540-002
1619,10,0.0,0.0,0.0,0.0,gold,DD0539-002
1620,10,0.0,1.0,1.0,0.0,,DD0517-002
1621,10,0.0,0.0,0.0,1.0,gold,DD0543-002
1622,10,0.0,0.0,0.0,1.0,gold,DD0504-002
1623,10,0.0,0.0,1.0,0.0,green,DD0528-002
1624,10,0.0,0.0,1.0,0.0,orange,DD0511-002
1625,10,0.0,1.0,0.0,0.0,,DD0551-002
1626,10,0.0,0.0,0.0,0.0,,DD0527-002
1627,10,1.0,0.0,0.0,1.0,,DD0513-002
1628,10,0.0,0.0,1.0,0.0,green,DD0545-002
1629,10,0.0,0.0,0.0,0.0,,DD0556-002
1630,10,0.0,1.0,1.0,0.0,,DD0530-002
1631,10,0.0,0.0,1.0,0.0,,DD0542-002
1632,1,0.0,0.0,1.0,0.0,,DD0523-002
1633,10,0.0,0.0,0.0,0.0,orange,DD0508-002
1634,9,0.0,0.0,1.0,1.0,,DD0515-002
1635,10,0.0,0.0,1.0,0.0,gold,DD0544-002
1636,10,0.0,0.0,0.0,0.0,orchid,DD0546-002
1637,10,0.0,0.0,1.0,0.0,gold,DD0547-002
1638,10,0.0,1.0,0.0,0.0,gold,DD0516-002
1639,10,0.0,0.0,1.0,1.0,,DD0514-002
1640,10,0.0,0.0,0.0,0.0,brown,DD0512-002
1641,10,0.0,0.0,1.0,1.0,,DD0521-002
1642,10,0.0,0.0,0.0,0.0,green,DD0520-002
1643,10,0.0,1.0,1.0,0.0,,DD0541-002
1644,10,0.0,1.0,0.0,0.0,orange,DD0509-002
1645,17,0.0,1.0,1.0,1.0,gold,FQ2982-401
1646,7,1.0,0.0,1.0,1.0,green,DQ6400-300
1647,3,1.0,1.0,1.0,1.0,purple,DH6991-001
1648,10,1.0,0.0,1.0,0.0,purple,DH6996-002
1649,10,1.0,1.0,0.0,1.0,,DH6994-002
1650,10,1.0,0.0,1.0,1.0,,DH6995-002
1651,10,1.0,0.0,0.0,0.0,,DH6990-002
1652,10,1.0,1.0,1.0,0.0,,DH6993-002
1653,10,1.0,1.0,0.0,1.0,,DH6992-002
1654,10,1.0,1.0,1.0,0.0,,DH6971-002
1655,10,1.0,0.0,1.0,0.0,,DH7000-002
1656,10,1.0,0.0,1.0,1.0,,DH6991-002
1657,10,1.0,1.0,1.0,0.0,,DH6983-002
1658,10,1.0,1.0,0.0,1.0,,DH6984-002
1659,10,1.0,1.0,1.0,0.0,,DH7001-002
1660,10,1.0,0.0,1.0,1.0,,DH6979-002
1661,10,1.0,0.0,1.0,1.0,,DH6974-002
1662,10,1.0,0.0,1.0,0.0,orange,DH6982-002
1663,10,1.0,1.0,0.0,0.0,orange,DH6998-002
1664,10,1.0,1.0,0.0,1.0,,DH6973-002
1665,10,1.0,1.0,0.0,1.0,,DH6988-002
1666,10,1.0,1.0,0.0,0.0,orange,DH6986-002
1667,10,1.0,0.0,0.0,0.0,green,DH6976-002
1668,10,1.0,1.0,0.0,0.0,,DH6977-002
1669,10,1.0,0.0,1.0,0.0,orange,DH6989-002
1670,10,1.0,1.0,0.0,0.0,orange,DH6978-002
1671,10,1.0,0.0,1.0,0.0,,DH6985-002
1672,10,1.0,1.0,0.0,1.0,,DH6987-002
1673,10,1.0,0.0,1.0,0.0,gold,DH7002-002
1674,12,1.0,1.0,1.0,1.0,lime,399332_01
1675,12,1.0,1.0,1.0,1.0,lime,399332_03
1676,12,1.0,1.0,1.0,1.0,lime,399332_02
1677,12,0.0,0.0,1.0,0.0,gold,398949_01
1678,12,0.0,0.0,1.0,0.0,gold,398949_02
1679,12,0.0,0.0,1.0,0.0,gold,397113_01
1680,19,1.0,0.0,1.0,0.0,,397112_01
1681,19,1.0,0.0,1.0,0.0,,397112_02
1682,12,1.0,1.0,1.0,1.0,,381410_01
1683,12,1.0,0.0,1.0,0.0,,369155_04
1684,11,1.0,0.0,1.0,0.0,,381983_01
1685,12,1.0,0.0,1.0,0.0,,369155_01
1686,12,1.0,0.0,1.0,0.0,,373438_01
1687,12,1.0,0.0,1.0,0.0,,384209_01
1688,12,1.0,1.0,1.0,1.0,,381410_02
1689,17,1.0,0.0,1.0,0.0,gold,366408_01
1690,12,0.0,0.0,1.0,0.0,gold,397089_01
1691,12,1.0,1.0,1.0,1.0,,381410_10
1692,12,1.0,0.0,1.0,0.0,,373438_02
1693,12,1.0,0.0,1.0,0.0,,392730_01
1694,12,0.0,1.0,0.0,0.0,,399262_02
1695,12,1.0,0.0,1.0,0.0,,380784_01
1696,9,0.0,1.0,1.0,0.0,,392710_01
1697,12,0.0,0.0,1.0,0.0,pink,393772_05
1698,12,1.0,0.0,0.0,0.0,,396352_02
1699,18,1.0,0.0,1.0,0.0,gold,366408_02
1700,12,1.0,1.0,1.0,1.0,,381410_90
1701,12,0.0,0.0,1.0,0.0,pink,393772_02
1702,10,0.0,0.0,1.0,0.0,,379140_01
1703,10,1.0,0.0,1.0,0.0,,381983_02
1704,12,0.0,1.0,0.0,0.0,,399262_01
1705,12,0.0,0.0,1.0,0.0,,392886_01
1706,12,0.0,0.0,1.0,0.0,,397090_01
1707,19,0.0,0.0,1.0,0.0,,396704_02
1708,12,0.0,0.0,0.0,0.0,,385248_01
1709,12,0.0,0.0,1.0,0.0,,396172_01
1710,12,1.0,0.0,1.0,0.0,,393065_01
1711,12,1.0,0.0,1.0,0.0,gold,393802_09
1712,11,0.0,1.0,1.0,0.0,violet,377540_04
1713,12,1.0,0.0,1.0,0.0,,392730_08
1714,12,0.0,0.0,1.0,0.0,pink,397643_02
1715,12,1.0,0.0,0.0,0.0,,394786_01
1716,15,0.0,0.0,1.0,0.0,,392086_01
1717,12,1.0,0.0,1.0,0.0,violet,383112_04
1718,12,1.0,1.0,1.0,0.0,green,378456_01
1719,12,0.0,0.0,1.0,0.0,,394755_02
1720,12,0.0,0.0,1.0,0.0,,389853_06
1721,12,1.0,0.0,1.0,0.0,,392730_02
1722,5,1.0,0.0,0.0,0.0,,389454_04
1723,12,0.0,0.0,1.0,0.0,,371008_27
1724,12,0.0,1.0,0.0,0.0,orchid,376262_21
1725,12,1.0,1.0,1.0,1.0,lime,377746_04
1726,20,0.0,0.0,1.0,0.0,,378318_02
1727,12,0.0,0.0,0.0,1.0,gold,309720_04
1728,12,1.0,0.0,1.0,0.0,,392730_04
1729,21,0.0,1.0,0.0,0.0,,379886_01
1730,12,1.0,0.0,1.0,0.0,orchid,377758_09
1731,12,1.0,1.0,1.0,0.0,pink,376855_22
1732,15,0.0,0.0,1.0,0.0,,392085_01
1733,19,0.0,0.0,0.0,1.0,,393301_02
1734,12,1.0,0.0,1.0,0.0,,393065_02
1735,18,1.0,0.0,1.0,0.0,green,390932_02
1736,12,1.0,0.0,1.0,0.0,gold,393802_01
1737,12,1.0,0.0,1.0,0.0,orchid,377758_01
1738,13,1.0,0.0,1.0,0.0,orchid,107565_03
1739,12,1.0,0.0,1.0,0.0,,397647_03
1740,12,1.0,1.0,1.0,0.0,pink,376855_17
1741,12,1.0,0.0,1.0,0.0,,384209_02
1742,13,1.0,1.0,1.0,0.0,green,107507_03
1743,5,1.0,0.0,0.0,0.0,,389454_05
1744,19,0.0,0.0,0.0,0.0,,393449_02
1745,13,0.0,1.0,1.0,1.0,pink,396463_07
1746,12,1.0,0.0,1.0,0.0,green,378482_02
1747,19,0.0,0.0,0.0,0.0,pink,393078_01
1748,12,1.0,1.0,1.0,1.0,lime,377746_05
1749,12,1.0,0.0,1.0,0.0,,309758_01
1750,12,0.0,0.0,1.0,0.0,pink,395461_11
1751,12,1.0,0.0,1.0,0.0,,378823_01
1752,17,0.0,1.0,0.0,0.0,orange,393326_01
1753,12,1.0,0.0,1.0,0.0,green,390932_01
1754,19,1.0,0.0,1.0,0.0,,307826_02
1755,19,1.0,0.0,1.0,0.0,,307826_01
1756,12,1.0,1.0,1.0,0.0,green,378688_02
1757,14,1.0,0.0,0.0,0.0,green,378906_01
1758,16,0.0,0.0,0.0,0.0,,393314_02
1759,12,1.0,0.0,1.0,0.0,green,378482_01
1760,12,1.0,1.0,1.0,0.0,green,378456_03
1761,12,1.0,0.0,1.0,0.0,,309758_02
1762,12,1.0,0.0,0.0,0.0,,394508_03
1763,9,0.0,0.0,0.0,0.0,,396449_01
1764,12,1.0,1.0,1.0,0.0,green,378688_03
1765,12,0.0,0.0,1.0,0.0,,394749_01
1766,0,0.0,1.0,1.0,1.0,pink,396463_01
1767,12,1.0,0.0,0.0,0.0,,394786_04
1768,11,0.0,0.0,0.0,1.0,,378437_02
1769,12,0.0,0.0,0.0,1.0,,378437_01
1770,0,0.0,1.0,1.0,1.0,pink,396463_09
1771,12,0.0,1.0,1.0,0.0,,393764_03
1772,11,0.0,1.0,1.0,0.0,violet,377540_05
1773,12,0.0,1.0,1.0,0.0,,393764_02
1774,12,1.0,0.0,0.0,0.0,,378454_01
1775,12,1.0,1.0,1.0,0.0,green,376169_10
1776,12,1.0,1.0,1.0,1.0,lime,377746_01
1777,19,1.0,0.0,0.0,0.0,orange,378096_02
1778,12,1.0,1.0,1.0,1.0,lime,377746_03
1779,13,0.0,1.0,1.0,0.0,green,107356_03
1780,11,0.0,0.0,1.0,0.0,,379114_01
1781,12,1.0,0.0,1.0,0.0,,378791_01
1782,12,0.0,1.0,1.0,0.0,orchid,377316_07
1783,12,1.0,0.0,0.0,0.0,orchid,377063_04
1784,12,1.0,0.0,0.0,0.0,orchid,377855_01
1785,12,1.0,0.0,0.0,1.0,orchid,377839_02
1786,12,1.0,1.0,1.0,0.0,green,378456_05
1787,12,0.0,1.0,1.0,0.0,orchid,377316_09
1788,12,1.0,0.0,0.0,0.0,purple,377508_04
1789,12,1.0,0.0,0.0,0.0,,378684_01
1790,12,0.0,0.0,0.0,0.0,green,397858_01
1791,0,0.0,0.0,1.0,0.0,,396383_02
1792,12,1.0,0.0,0.0,0.0,orchid,377855_06
1793,12,0.0,1.0,1.0,1.0,pink,396463_05
1794,12,1.0,0.0,0.0,0.0,,379288_01
1795,12,1.0,0.0,1.0,0.0,green,390932_09
1796,11,1.0,0.0,0.0,1.0,,307761_01
1797,12,1.0,0.0,0.0,0.0,,307685_04
1798,12,1.0,0.0,0.0,0.0,,307685_03
1799,13,1.0,0.0,0.0,0.0,,377942_01
1800,13,1.0,1.0,1.0,0.0,orchid,377787_03
1801,0,1.0,1.0,1.0,1.0,lime,377746_07
1802,0,0.0,0.0,0.0,0.0,green,395997_01
1803,12,1.0,0.0,0.0,0.0,,378551_04
1804,14,1.0,0.0,0.0,0.0,pink,379115_01
1805,11,0.0,0.0,0.0,0.0,,378435_02
1806,11,0.0,1.0,1.0,0.0,orchid,376592_05
1807,12,1.0,0.0,0.0,0.0,orchid,377855_08
1808,14,1.0,1.0,1.0,0.0,green,378688_01
1809,9,1.0,0.0,1.0,0.0,,397647_01
1810,12,0.0,1.0,0.0,0.0,pink,379040_01
1811,13,0.0,1.0,1.0,1.0,pink,396463_02
1812,13,1.0,1.0,1.0,0.0,pink,376855_25
1813,12,1.0,0.0,0.0,0.0,,383157_02
1814,13,1.0,1.0,1.0,0.0,orchid,377787_02
1815,14,1.0,1.0,1.0,0.0,green,376169_01
1816,9,0.0,1.0,1.0,1.0,orchid,376311_04
1817,12,1.0,0.0,0.0,0.0,,376946_08
1818,23,1.0,0.0,1.0,1.0,,379082_05
1819,23,1.0,0.0,1.0,1.0,,379082_04
1820,9,0.0,1.0,1.0,1.0,orchid,376311_05
1821,23,1.0,0.0,1.0,1.0,,379082_03
1822,23,1.0,0.0,1.0,1.0,,379082_02
1823,22,1.0,0.0,1.0,1.0,,379082_01
1824,23,1.0,0.0,1.0,1.0,,379082_06
1825,12,0.0,0.0,1.0,0.0,,396444_01
1826,12,0.0,0.0,0.0,0.0,,393084_01
1827,10,0.0,0.0,1.0,0.0,pink,397643_07
1828,19,0.0,0.0,0.0,0.0,,379181_01
1829,10,0.0,0.0,0.0,0.0,green,378469_01
1830,20,0.0,0.0,0.0,0.0,gold,310565_01
1831,19,0.0,0.0,0.0,0.0,,394175_01
1832,9,1.0,1.0,1.0,0.0,green,376169_12
1833,19,0.0,0.0,0.0,0.0,,394174_01
1834,9,0.0,1.0,1.0,0.0,,387468_06
1835,0,0.0,0.0,0.0,0.0,,377892_10
1836,12,1.0,0.0,0.0,0.0,gold,195027_02
1837,12,1.0,0.0,0.0,0.0,,382829_01
1838,9,0.0,0.0,1.0,0.0,gold,392699_01
1839,12,0.0,0.0,1.0,0.0,,396073_01
1840,12,0.0,0.0,1.0,0.0,,394750_02
1841,12,1.0,0.0,0.0,0.0,,382829_04
1842,19,1.0,1.0,0.0,0.0,,396672_01
1843,12,0.0,0.0,0.0,0.0,,392514_01
1844,12,0.0,0.0,1.0,0.0,gold,191667_02
1845,10,1.0,1.0,1.0,1.0,,381410_85
1846,5,1.0,0.0,0.0,0.0,,389082_01
1847,12,0.0,0.0,1.0,0.0,pink,393771_01
1848,12,1.0,0.0,0.0,0.0,,393201_03
1849,12,1.0,0.0,0.0,0.0,,393085_01
1850,12,0.0,0.0,1.0,0.0,,393031_02
1851,12,0.0,0.0,1.0,0.0,,393031_01
1852,12,0.0,0.0,0.0,0.0,,393343_01
1853,12,1.0,0.0,0.0,0.0,,393201_02
1854,11,0.0,0.0,1.0,0.0,pink,389876_02
1855,12,0.0,0.0,1.0,0.0,,387150_01
1856,12,0.0,0.0,0.0,0.0,pink,393987_01
1857,13,1.0,1.0,1.0,0.0,green,107507_01
1858,13,1.0,0.0,1.0,0.0,,107262_02
1859,11,0.0,0.0,1.0,0.0,,389844_01
1860,12,1.0,0.0,1.0,0.0,,394885_01
1861,12,1.0,0.0,0.0,0.0,,395480_01
1862,12,1.0,0.0,1.0,0.0,purple,386270_15
1863,13,1.0,0.0,1.0,0.0,orchid,107565_01
1864,5,1.0,0.0,0.0,0.0,,389082_02
1865,12,0.0,0.0,1.0,0.0,,395119_01
1866,9,0.0,0.0,1.0,0.0,,389853_04
1867,11,0.0,0.0,0.0,0.0,,393752_01
1868,12,0.0,0.0,0.0,0.0,pink,394009_01
1869,12,0.0,0.0,0.0,0.0,,389894_02
1870,13,0.0,0.0,0.0,0.0,,393752_02
1871,12,0.0,0.0,1.0,0.0,pink,392884_02
1872,10,1.0,0.0,1.0,0.0,purple,386270_09
1873,10,0.0,0.0,1.0,0.0,pink,391096_02
1874,12,0.0,0.0,1.0,0.0,green,391098_07
1875,12,0.0,0.0,1.0,0.0,pink,393032_01
1876,11,0.0,0.0,1.0,1.0,,307874_01
1877,12,1.0,0.0,1.0,0.0,violet,391013_01
1878,12,0.0,0.0,1.0,0.0,,391086_01
1879,12,0.0,0.0,1.0,0.0,,393777_01
1880,12,0.0,0.0,1.0,0.0,pink,393032_02
1881,12,1.0,0.0,1.0,0.0,violet,391013_02
1882,11,0.0,0.0,1.0,0.0,,393193_01
1883,9,0.0,0.0,1.0,0.0,green,391098_01
1884,12,0.0,0.0,1.0,0.0,,389893_01
1885,12,1.0,1.0,0.0,1.0,,387289_01
1886,12,0.0,0.0,0.0,0.0,green,396115_01
1887,12,1.0,1.0,1.0,1.0,,381410_73
1888,7,0.0,0.0,1.0,0.0,,383380_06
1889,11,1.0,0.0,0.0,0.0,,384412_02
1890,9,0.0,0.0,1.0,0.0,,391226_01
1891,13,1.0,0.0,1.0,0.0,,107329_01
1892,9,0.0,0.0,1.0,0.0,,387157_01
1893,9,1.0,0.0,1.0,0.0,purple,386270_14
1894,11,0.0,0.0,0.0,0.0,,391570_01
1895,10,0.0,0.0,1.0,0.0,,393402_03
1896,11,0.0,0.0,0.0,0.0,,389161_01
1897,11,0.0,0.0,1.0,0.0,green,396113_01
1898,11,1.0,0.0,1.0,0.0,purple,386270_02
1899,6,0.0,0.0,1.0,0.0,,384433_02
1900,10,0.0,0.0,1.0,0.0,pink,393077_01
1901,9,0.0,0.0,1.0,0.0,,389585_01
1902,12,0.0,0.0,1.0,0.0,,393340_01
1903,13,0.0,1.0,0.0,0.0,,106898_01
1904,15,0.0,0.0,1.0,0.0,,393049_01
1905,11,1.0,0.0,0.0,0.0,,377046_09
1906,12,0.0,0.0,0.0,0.0,pink,385517_02
1907,12,1.0,0.0,0.0,0.0,,107093_02
1908,18,1.0,0.0,1.0,1.0,violet,374915_01
1909,15,0.0,0.0,1.0,0.0,,379303_01
1910,15,0.0,0.0,0.0,0.0,purple,378916_01
1911,18,1.0,0.0,1.0,1.0,violet,374915_04
1912,15,1.0,0.0,1.0,1.0,violet,374915_12
1913,18,1.0,0.0,1.0,1.0,violet,374915_07
1914,18,1.0,0.0,1.0,1.0,violet,374915_02
1915,19,1.0,0.0,1.0,1.0,violet,374915_06
1916,15,0.0,0.0,0.0,0.0,lime,379235_01
1917,15,0.0,0.0,0.0,0.0,green,379233_01
1918,13,1.0,1.0,0.0,1.0,lime,379601_01
1919,13,1.0,0.0,1.0,0.0,,376941_04
1920,19,1.0,0.0,1.0,1.0,violet,374915_05
1921,13,1.0,1.0,0.0,1.0,lime,379601_03
1922,13,1.0,0.0,1.0,0.0,lime,376807_01
1923,18,1.0,0.0,0.0,1.0,,387272_05
1924,16,1.0,1.0,1.0,1.0,lime,396403_01
1925,17,1.0,0.0,1.0,0.0,gold,366408_01
1926,17,1.0,0.0,0.0,0.0,,392787_07
1927,12,0.0,0.0,0.0,0.0,gold,379223_01
1928,13,1.0,0.0,0.0,1.0,orange,395542_01
1929,19,1.0,1.0,1.0,0.0,,307936_02
1930,19,1.0,0.0,1.0,0.0,,374923_02
1931,19,1.0,0.0,1.0,0.0,,374923_01
1932,11,1.0,0.0,0.0,0.0,,392787_04
1933,14,1.0,0.0,1.0,1.0,violet,374915_03
1934,0,0.0,0.0,0.0,0.0,pink,379330_01
1935,13,1.0,0.0,0.0,0.0,,381174_01
1936,15,1.0,0.0,1.0,1.0,violet,374915_89
1937,13,1.0,0.0,1.0,0.0,,380190_01
1938,16,1.0,0.0,0.0,0.0,,381174_02
1939,18,1.0,0.0,0.0,1.0,,387272_04
1940,17,0.0,0.0,1.0,0.0,,394873_01
1941,13,1.0,1.0,0.0,0.0,,393152_01
1942,13,1.0,0.0,1.0,0.0,,392718_01
1943,13,0.0,0.0,0.0,0.0,,393260_01
1944,13,1.0,0.0,1.0,0.0,,378453_01
1945,13,0.0,0.0,1.0,0.0,,387286_01
1946,19,1.0,0.0,1.0,0.0,,374923_03
1947,18,1.0,1.0,1.0,0.0,,307936_01
1948,13,1.0,1.0,0.0,1.0,lime,379601_02
1949,13,1.0,0.0,1.0,0.0,violet,376151_19
1950,18,0.0,1.0,1.0,0.0,,307211_07
1951,10,1.0,0.0,0.0,0.0,,307997_01
1952,11,1.0,0.0,1.0,0.0,,376941_12
1953,18,1.0,0.0,1.0,0.0,gold,366408_02
1954,15,0.0,1.0,1.0,0.0,,397418_01
1955,13,1.0,0.0,1.0,0.0,violet,376151_04
1956,19,1.0,0.0,1.0,0.0,,307999_01
1957,15,1.0,0.0,0.0,0.0,green,307648_04
1958,18,1.0,0.0,1.0,0.0,gold,386759_01
1959,13,1.0,1.0,1.0,0.0,gold,364669_02
1960,17,0.0,1.0,1.0,0.0,,393747_01
1961,10,1.0,0.0,1.0,0.0,,384139_02
1962,19,0.0,0.0,0.0,0.0,green,393473_18
1963,12,1.0,0.0,1.0,0.0,,380017_01
1964,15,0.0,0.0,0.0,0.0,green,379908_07
1965,19,1.0,0.0,0.0,0.0,gold,393490_04
1966,20,1.0,0.0,1.0,0.0,,397116_01
1967,19,1.0,0.0,1.0,0.0,,307822_01
1968,13,0.0,1.0,0.0,0.0,,398352_02
1969,19,0.0,0.0,0.0,0.0,,307817_01
1970,19,0.0,0.0,1.0,0.0,,396704_02
1971,19,0.0,0.0,0.0,0.0,green,393473_17
1972,20,1.0,1.0,1.0,0.0,green,107563_01
1973,20,1.0,1.0,1.0,0.0,green,107311_02
1974,11,1.0,1.0,1.0,0.0,gold,364669_01
1975,13,0.0,0.0,1.0,0.0,,307784_02
1976,11,1.0,0.0,0.0,0.0,,377858_06
1977,12,1.0,0.0,1.0,0.0,,380017_02
1978,13,1.0,0.0,0.0,0.0,,379139_03
1979,13,1.0,0.0,1.0,0.0,violet,376151_01
1980,19,1.0,0.0,1.0,1.0,,389267_10
1981,14,0.0,1.0,1.0,0.0,,393747_02
1982,13,0.0,1.0,0.0,0.0,,398352_01
1983,19,0.0,1.0,1.0,0.0,,394687_01
1984,13,0.0,0.0,0.0,0.0,,394057_01
1985,13,1.0,1.0,1.0,0.0,orchid,377757_11
1986,19,1.0,0.0,0.0,0.0,gold,393490_03
1987,13,1.0,0.0,0.0,0.0,,379139_01
1988,12,0.0,1.0,1.0,1.0,,195336_08
1989,13,1.0,0.0,1.0,0.0,,307751_02
1990,13,1.0,0.0,0.0,1.0,,307986_01
1991,13,1.0,1.0,0.0,1.0,lime,377745_03
1992,17,1.0,0.0,1.0,0.0,,307789_01
1993,19,1.0,0.0,1.0,0.0,,307751_01
1994,13,1.0,0.0,0.0,0.0,,393286_01
1995,13,1.0,1.0,0.0,1.0,lime,377745_01
1996,19,1.0,0.0,1.0,1.0,,389267_17
1997,19,0.0,0.0,0.0,1.0,,393301_02
1998,13,1.0,0.0,1.0,0.0,violet,376151_13
1999,21,0.0,1.0,0.0,0.0,,379886_01
2000,12,1.0,1.0,0.0,1.0,lime,377745_04
2001,13,1.0,1.0,1.0,0.0,orchid,377757_01
2002,16,1.0,0.0,1.0,0.0,,307822_02
2003,18,1.0,0.0,1.0,0.0,green,390932_02
2004,19,1.0,0.0,1.0,0.0,,392982_01
2005,12,0.0,0.0,1.0,0.0,,379068_04
2006,13,0.0,0.0,1.0,0.0,,393151_01
2007,13,0.0,0.0,0.0,0.0,,392721_01
2008,13,0.0,0.0,0.0,0.0,,395121_01
2009,17,1.0,0.0,1.0,0.0,,307920_02
2010,9,1.0,0.0,1.0,0.0,,384139_04
2011,13,1.0,0.0,0.0,0.0,,392862_01
2012,13,1.0,0.0,0.0,0.0,green,307847_01
2013,19,0.0,0.0,0.0,0.0,,307998_01
2014,13,1.0,0.0,1.0,0.0,violet,376151_02
2015,13,0.0,0.0,1.0,0.0,,393306_02
2016,19,0.0,0.0,0.0,0.0,,393449_02
2017,13,1.0,0.0,0.0,0.0,,378472_01
2018,13,1.0,0.0,0.0,1.0,,378457_01
2019,13,1.0,1.0,1.0,0.0,,378687_02
2020,12,0.0,1.0,1.0,1.0,,195336_09
2021,13,1.0,0.0,1.0,0.0,,307791_01
2022,13,0.0,0.0,1.0,0.0,,393306_01
2023,19,0.0,0.0,0.0,0.0,pink,393078_01
2024,13,1.0,0.0,1.0,0.0,gold,386759_10
2025,12,1.0,0.0,1.0,0.0,,392718_04
2026,19,1.0,0.0,0.0,0.0,,393115_02
2027,13,1.0,0.0,1.0,0.0,violet,376151_22
2028,13,0.0,0.0,0.0,0.0,,394798_01
2029,12,1.0,0.0,1.0,0.0,green,390932_01
2030,13,0.0,1.0,1.0,0.0,,395773_02
2031,15,1.0,0.0,1.0,0.0,lime,378541_02
2032,12,0.0,0.0,0.0,0.0,,378434_02
2033,19,1.0,0.0,1.0,0.0,,307826_02
2034,13,1.0,0.0,0.0,0.0,,307684_01
2035,11,0.0,1.0,0.0,0.0,pink,107553_01
2036,12,1.0,0.0,1.0,0.0,,378474_01
2037,19,1.0,0.0,1.0,0.0,,307826_01
2038,19,0.0,0.0,1.0,0.0,,393114_01
2039,19,1.0,0.0,1.0,1.0,,389267_19
2040,12,1.0,1.0,1.0,0.0,orchid,377757_15
2041,15,0.0,1.0,1.0,0.0,green,379079_05
2042,13,1.0,1.0,0.0,0.0,,393152_02
2043,12,1.0,1.0,1.0,0.0,,389365_06
2044,13,1.0,0.0,0.0,0.0,,378734_02
2045,17,0.0,0.0,1.0,0.0,violet,107473_01
2046,0,0.0,0.0,0.0,0.0,,395737_02
2047,13,0.0,0.0,1.0,0.0,olive,393277_02
2048,12,0.0,0.0,0.0,0.0,purple,386329_06
2049,13,0.0,0.0,1.0,0.0,,393136_01
2050,13,1.0,1.0,0.0,1.0,lime,377745_05
2051,19,1.0,0.0,0.0,0.0,,393115_02
2052,15,0.0,1.0,1.0,0.0,green,379079_03
2053,13,1.0,0.0,0.0,1.0,,396127_01
2054,10,1.0,1.0,0.0,0.0,,307756_01
2055,13,0.0,0.0,0.0,0.0,,379291_01
2056,12,1.0,1.0,1.0,0.0,,389365_05
2057,13,1.0,0.0,1.0,0.0,green,378455_07
2058,13,0.0,1.0,0.0,0.0,,393941_01
2059,13,0.0,0.0,1.0,0.0,,394799_03
2060,12,1.0,0.0,0.0,0.0,,307771_01
2061,15,0.0,0.0,1.0,0.0,violet,107474_01
2062,13,1.0,0.0,0.0,0.0,,307684_04
2063,13,1.0,1.0,1.0,0.0,,378687_06
2064,13,1.0,1.0,1.0,0.0,orchid,377757_13
2065,0,0.0,1.0,1.0,1.0,pink,396463_01
2066,13,1.0,0.0,0.0,0.0,,378459_01
2067,0,0.0,1.0,1.0,1.0,pink,396463_09
2068,19,1.0,0.0,1.0,0.0,,397263_02
2069,13,1.0,1.0,1.0,0.0,orchid,377757_19
2070,13,0.0,0.0,1.0,0.0,,394799_02
2071,19,1.0,0.0,1.0,0.0,,397263_01
2072,13,1.0,1.0,1.0,0.0,orchid,377757_18
2073,13,1.0,0.0,1.0,0.0,lime,376807_19
2074,13,1.0,0.0,1.0,0.0,lime,376807_20
2075,1,1.0,0.0,0.0,0.0,,308181_01
2076,15,0.0,0.0,1.0,0.0,,392086_01
2077,0,1.0,1.0,0.0,1.0,lime,377745_06
2078,1,1.0,0.0,1.0,0.0,,308271_01
2079,14,1.0,1.0,0.0,0.0,orchid,195337_19
2080,12,1.0,0.0,1.0,0.0,violet,376151_17
2081,12,1.0,0.0,0.0,1.0,,385754_01
2082,13,0.0,1.0,1.0,1.0,pink,396463_07
2083,13,1.0,0.0,0.0,0.0,,379286_01
2084,15,0.0,0.0,1.0,1.0,,394684_01
2085,16,0.0,0.0,0.0,0.0,,393314_02
2086,13,0.0,0.0,1.0,0.0,orchid,377315_07
2087,15,0.0,0.0,1.0,0.0,,392085_01
2088,17,1.0,0.0,0.0,0.0,,379557_01
2089,18,1.0,1.0,1.0,0.0,green,107311_03
2090,19,1.0,0.0,0.0,0.0,orange,378096_02
2091,21,1.0,1.0,1.0,1.0,lime,396403_02
2092,12,1.0,0.0,1.0,0.0,green,390932_09
2093,19,0.0,1.0,1.0,0.0,,107293_01
2094,13,0.0,1.0,0.0,0.0,,393941_02
2095,17,0.0,1.0,0.0,0.0,orange,393326_01
2096,15,1.0,0.0,0.0,1.0,orange,395281_01
2097,12,1.0,0.0,0.0,0.0,,395033_01
2098,18,1.0,1.0,1.0,0.0,green,107566_03
2099,19,1.0,0.0,1.0,0.0,,107340_02
2100,10,1.0,0.0,1.0,0.0,,384139_01
2101,19,1.0,1.0,1.0,0.0,green,107563_05
2102,12,1.0,0.0,0.0,0.0,,307954_01
2103,18,1.0,1.0,1.0,0.0,green,107563_04
2104,13,1.0,1.0,1.0,0.0,green,107422_03
2105,12,0.0,1.0,1.0,0.0,orchid,376591_08
2106,14,0.0,0.0,1.0,1.0,,393196_01
2107,18,1.0,0.0,0.0,0.0,,378222_03
2108,15,1.0,0.0,1.0,0.0,,396464_01
2109,21,1.0,1.0,1.0,1.0,lime,396403_03
2110,14,1.0,0.0,1.0,0.0,,307920_01
2111,12,0.0,0.0,0.0,0.0,,378550_05
2112,11,0.0,0.0,0.0,0.0,,378436_02
2113,19,1.0,0.0,1.0,0.0,,396464_03
2114,14,1.0,1.0,0.0,0.0,orchid,195337_16
2115,13,0.0,1.0,1.0,0.0,green,107374_03
2116,17,1.0,1.0,1.0,0.0,,107296_04
2117,13,0.0,1.0,1.0,1.0,pink,396463_02
2118,15,1.0,1.0,1.0,0.0,green,107311_04
2119,12,0.0,1.0,1.0,1.0,pink,396463_05
2120,19,0.0,1.0,1.0,0.0,green,107355_03
2121,12,1.0,1.0,1.0,0.0,orchid,380007_01
2122,10,0.0,0.0,1.0,0.0,,307996_01
2123,11,0.0,0.0,0.0,0.0,,393157_01
2124,9,1.0,0.0,0.0,1.0,,308277_01
2125,13,1.0,1.0,1.0,0.0,,378687_01
2126,12,1.0,0.0,1.0,0.0,,380190_02
2127,13,0.0,1.0,1.0,0.0,green,107361_04
2128,15,0.0,1.0,1.0,1.0,lime,379081_04
2129,13,0.0,1.0,1.0,0.0,green,107610_01
2130,7,0.0,0.0,0.0,0.0,green,394223_01
2131,13,1.0,0.0,0.0,1.0,,307940_01
2132,17,0.0,1.0,1.0,0.0,green,107355_04
2133,11,1.0,0.0,0.0,0.0,,378465_01
2134,12,1.0,0.0,0.0,0.0,,377507_04
2135,12,1.0,1.0,1.0,0.0,orchid,380007_02
2136,11,1.0,0.0,0.0,0.0,green,395032_01
2137,11,0.0,0.0,1.0,0.0,green,393167_02
2138,12,0.0,0.0,0.0,0.0,,393084_01
2139,14,0.0,1.0,0.0,0.0,pink,107540_01
2140,12,1.0,0.0,0.0,0.0,,378683_01
2141,15,0.0,1.0,1.0,1.0,lime,379081_03
2142,18,1.0,1.0,1.0,0.0,green,107521_03
2143,17,1.0,1.0,1.0,0.0,,107296_01
2144,13,1.0,0.0,1.0,0.0,purple,107539_01
2145,13,1.0,1.0,1.0,0.0,green,107522_03
2146,12,1.0,0.0,0.0,0.0,,378734_01
2147,16,1.0,1.0,1.0,0.0,green,107566_02
2148,12,1.0,1.0,1.0,0.0,,107296_03
2149,12,0.0,0.0,1.0,1.0,,394684_02
2150,16,1.0,1.0,1.0,0.0,,107296_02
2151,6,0.0,0.0,0.0,0.0,green,394223_04
2152,18,1.0,0.0,0.0,0.0,,377001_01
2153,13,0.0,0.0,0.0,1.0,,379113_01
2154,11,1.0,0.0,1.0,0.0,violet,376151_15
2155,12,1.0,0.0,1.0,0.0,gold,107609_01
2156,13,0.0,1.0,1.0,0.0,green,107361_03
2157,13,0.0,1.0,1.0,0.0,green,107375_03
2158,11,0.0,0.0,0.0,0.0,,391962_06
2159,0,0.0,0.0,0.0,0.0,,379652_01
2160,0,0.0,0.0,0.0,0.0,,378580_01
2161,10,1.0,0.0,0.0,0.0,,385296_02
2162,11,1.0,0.0,0.0,0.0,,385296_03
2163,11,1.0,0.0,1.0,0.0,,386600_01
2164,14,1.0,1.0,1.0,0.0,green,107311_01
2165,19,0.0,0.0,1.0,0.0,gold,397572_01
2166,18,0.0,0.0,0.0,0.0,green,391610_01
2167,19,0.0,0.0,1.0,0.0,,394981_02
2168,19,1.0,0.0,1.0,0.0,,397112_01
2169,19,0.0,0.0,0.0,0.0,green,391610_02
2170,19,1.0,0.0,1.0,0.0,,397112_02
2171,11,0.0,1.0,0.0,0.0,orange,390717_01
2172,19,0.0,1.0,1.0,0.0,,392435_01
2173,19,1.0,1.0,0.0,0.0,,396672_01
2174,6,1.0,0.0,1.0,0.0,,382112_01
2175,11,0.0,0.0,1.0,1.0,gold,366608_07
2176,11,1.0,0.0,1.0,0.0,green,307891_01
2177,19,1.0,0.0,1.0,0.0,,392982_04
2178,19,1.0,0.0,1.0,0.0,,392982_05
2179,11,1.0,0.0,1.0,0.0,green,307891_02
2180,12,1.0,0.0,1.0,0.0,,307778_03
2181,11,1.0,0.0,1.0,0.0,gold,386759_03
2182,14,1.0,1.0,0.0,0.0,,379087_01
2183,13,1.0,0.0,0.0,0.0,,377044_07
2184,13,1.0,0.0,0.0,0.0,,307959_01
2185,13,0.0,0.0,0.0,1.0,,393116_01
2186,12,1.0,1.0,0.0,0.0,,396106_01
2187,13,1.0,0.0,0.0,0.0,,377827_01
2188,13,0.0,1.0,0.0,0.0,orange,390717_04
2189,13,0.0,1.0,1.0,0.0,green,392724_01
2190,15,1.0,1.0,1.0,0.0,gold,376582_32
2191,19,0.0,1.0,0.0,0.0,,392983_02
2192,18,0.0,1.0,1.0,0.0,green,392724_04
2193,13,1.0,0.0,0.0,0.0,,307959_02
2194,13,0.0,0.0,1.0,0.0,,396087_01
2195,6,0.0,0.0,1.0,0.0,green,394628_01
2196,13,0.0,0.0,1.0,0.0,green,307649_01
2197,10,0.0,0.0,0.0,0.0,,307758_01
2198,13,0.0,1.0,1.0,0.0,,390196_01
2199,15,0.0,0.0,1.0,0.0,,394981_01
2200,13,1.0,0.0,0.0,0.0,,376999_01
2201,12,1.0,0.0,0.0,1.0,,394491_01
2202,13,0.0,0.0,1.0,0.0,,392434_01
2203,12,1.0,0.0,1.0,0.0,,394885_01
2204,19,1.0,0.0,0.0,0.0,orchid,379096_01
2205,11,0.0,0.0,0.0,0.0,,396075_01
2206,11,0.0,0.0,0.0,0.0,,389160_01
2207,11,0.0,0.0,0.0,0.0,green,394018_01
2208,12,1.0,1.0,0.0,0.0,,387499_01
2209,14,0.0,1.0,1.0,0.0,green,392724_05
2210,12,1.0,0.0,0.0,0.0,,393646_02
2211,15,1.0,0.0,1.0,1.0,,377959_03
2212,13,1.0,1.0,1.0,0.0,gold,376582_31
2213,11,1.0,0.0,0.0,1.0,green,396138_01
2214,13,0.0,1.0,1.0,0.0,green,392724_07
2215,13,0.0,1.0,0.0,0.0,,377854_05
2216,11,1.0,0.0,1.0,0.0,,394933_09
2217,13,0.0,0.0,1.0,0.0,,307859_01
2218,15,0.0,0.0,0.0,0.0,,387654_01
2219,12,0.0,0.0,1.0,0.0,,307571_01
2220,11,0.0,0.0,0.0,0.0,,393752_01
2221,15,0.0,0.0,0.0,0.0,,378986_02
2222,12,1.0,0.0,1.0,0.0,gold,386759_02
2223,12,0.0,0.0,1.0,0.0,,393390_01
2224,6,1.0,0.0,1.0,0.0,,307475_02
2225,11,1.0,0.0,1.0,0.0,,394933_01
2226,12,0.0,0.0,1.0,0.0,violet,378052_05
2227,16,1.0,1.0,1.0,0.0,green,107566_01
2228,13,0.0,0.0,0.0,0.0,,393231_04
2229,13,1.0,0.0,0.0,0.0,,377007_01
2230,12,1.0,0.0,0.0,0.0,,394544_01
2231,12,0.0,1.0,1.0,0.0,,392865_02
2232,12,1.0,0.0,1.0,1.0,,377962_03
2233,12,1.0,0.0,1.0,1.0,,377000_02
2234,13,1.0,1.0,1.0,0.0,green,379137_01
2235,6,0.0,0.0,1.0,0.0,,307506_01
2236,13,0.0,0.0,0.0,0.0,,393752_02
2237,14,1.0,0.0,0.0,0.0,green,393813_02
2238,10,0.0,0.0,0.0,0.0,,307759_01
2239,11,0.0,0.0,1.0,0.0,,394635_01
2240,10,0.0,1.0,0.0,0.0,,307760_02
2241,13,1.0,0.0,1.0,0.0,,390972_01
2242,13,1.0,1.0,1.0,0.0,purple,379013_07
2243,12,0.0,0.0,1.0,0.0,,388640_02
2244,14,1.0,0.0,1.0,0.0,,377961_01
2245,13,1.0,0.0,0.0,0.0,,377005_01
2246,12,1.0,0.0,1.0,0.0,violet,307897_01
2247,7,1.0,0.0,0.0,0.0,,374862_02
2248,13,1.0,1.0,1.0,0.0,purple,379013_06
2249,13,0.0,1.0,1.0,0.0,green,392724_03
2250,13,0.0,0.0,0.0,0.0,,378278_01
2251,14,1.0,0.0,0.0,0.0,,377379_01
2252,7,1.0,0.0,0.0,0.0,,374862_09
2253,13,1.0,0.0,1.0,0.0,violet,307897_02
2254,17,1.0,0.0,1.0,0.0,,393266_02
2255,12,0.0,0.0,1.0,0.0,,387998_12
2256,11,1.0,0.0,0.0,0.0,green,393813_01
2257,13,0.0,0.0,1.0,0.0,,390129_01
2258,13,0.0,1.0,1.0,0.0,,394552_01
2259,13,0.0,1.0,1.0,0.0,,392435_02
2260,13,0.0,0.0,1.0,1.0,,387327_06
2261,14,0.0,0.0,1.0,0.0,orchid,194478_04
2262,7,1.0,0.0,0.0,0.0,,374862_10
2263,13,0.0,0.0,1.0,0.0,,393176_03
2264,12,1.0,0.0,1.0,0.0,,194475_02
2265,12,0.0,0.0,0.0,0.0,,393161_01
2266,13,0.0,0.0,1.0,0.0,,393647_01
2267,12,0.0,0.0,1.0,1.0,,387327_07
2268,12,1.0,0.0,0.0,0.0,,307780_01
2269,13,1.0,0.0,1.0,0.0,,390127_01
2270,16,1.0,0.0,1.0,0.0,,376615_01
2271,13,1.0,0.0,1.0,0.0,,388549_01
2272,11,0.0,0.0,0.0,0.0,green,307576_02
2273,11,1.0,0.0,1.0,0.0,,307913_01
2274,15,1.0,0.0,0.0,0.0,,376922_01
2275,12,1.0,0.0,0.0,1.0,,106879_04
2276,12,0.0,0.0,1.0,0.0,green,388557_02
2277,11,1.0,0.0,0.0,1.0,,194095_09
2278,13,1.0,1.0,1.0,0.0,green,107521_01
2279,11,0.0,0.0,1.0,0.0,green,394017_01
2280,13,1.0,1.0,1.0,0.0,green,107522_01
2281,11,0.0,0.0,0.0,0.0,,388920_06
2282,11,1.0,1.0,1.0,0.0,,307462_05
2283,11,1.0,0.0,1.0,0.0,,307322_01
2284,11,1.0,0.0,0.0,0.0,,390052_02
2285,11,0.0,0.0,1.0,0.0,,392725_07
2286,17,1.0,1.0,1.0,0.0,,353572_04
2287,17,1.0,1.0,1.0,0.0,,353572_11
2288,20,1.0,1.0,1.0,0.0,,353572_12
2289,14,1.0,0.0,1.0,1.0,,307171_01
2290,16,1.0,0.0,1.0,1.0,,307171_07
2291,18,1.0,0.0,1.0,1.0,,307171_05
2292,20,1.0,1.0,1.0,0.0,,353572_17
2293,17,1.0,0.0,1.0,1.0,green,380205_03
2294,18,1.0,0.0,1.0,1.0,,307171_04
2295,14,1.0,0.0,1.0,1.0,green,380205_01
2296,16,1.0,0.0,1.0,1.0,,307171_06
2297,17,1.0,0.0,1.0,1.0,green,380205_02
2298,11,1.0,0.0,1.0,1.0,green,380205_16
2299,19,1.0,0.0,0.0,0.0,,396057_01
2300,18,1.0,0.0,0.0,0.0,,379098_01
2301,13,0.0,0.0,1.0,0.0,green,393199_01
2302,6,0.0,0.0,0.0,0.0,brown,FLC0310S2602A
2303,6,0.0,0.0,1.0,0.0,brown,FLC015044221A
2304,6,0.0,1.0,0.0,0.0,camel,FLC0H9026391B
2305,6,0.0,1.0,0.0,0.0,pink,FLC051044211A
2306,6,0.0,1.0,0.0,0.0,,FGC0AI024031B
2307,6,1.0,0.0,1.0,0.0,,FLC0310S2622A
2308,6,1.0,0.0,1.0,0.0,,FLC0260S2522A
2309,6,1.0,0.0,1.0,0.0,,FLC0310S2532A
2310,6,0.0,0.0,1.0,0.0,green,FLC0IA0AR972A
2311,6,0.0,1.0,1.0,0.0,maroon,FLC0310S2612A
2312,6,0.0,1.0,1.0,0.0,rose,FLC0AX032671A
2313,6,1.0,0.0,1.0,0.0,purple,FLC0DN0AR952A
2314,6,0.0,0.0,1.0,0.0,pink,FLC0DY0AR942A
2315,6,0.0,1.0,0.0,0.0,green,FLC0DN0AR932A
2316,6,0.0,0.0,0.0,0.0,green,FLC0260S2552A
2317,6,0.0,0.0,1.0,0.0,,FLC0H40S9652A
2318,6,0.0,0.0,1.0,0.0,pink,FLC0H40R1972A
2319,6,0.0,0.0,0.0,0.0,,FLC0Z3024031B
2320,6,0.0,1.0,1.0,0.0,,FLC0510R1982A
2321,6,0.0,1.0,0.0,0.0,green,FLC0H40S7612A
2322,6,0.0,0.0,1.0,0.0,,FLC0H40S9662A
2323,6,0.0,0.0,1.0,0.0,purple,FLC0IA0AR992A
2324,6,0.0,0.0,0.0,0.0,camel,FLC051016461A
2325,5,0.0,1.0,0.0,0.0,,FLC0310T9022A
2326,6,1.0,0.0,1.0,0.0,,FLC0H40R1952A
2327,4,0.0,1.0,1.0,0.0,,FLC0310T9062A
2328,6,0.0,0.0,1.0,0.0,purple,FLC0510R1962A
2329,6,0.0,1.0,0.0,1.0,,FLC0H40S7582A
2330,6,0.0,1.0,0.0,1.0,,FLC0260U2632A
2331,6,0.0,1.0,1.0,0.0,,FLC0AI027271A
2332,6,0.0,0.0,1.0,0.0,pink,FLC0H40T3272A
2333,6,0.0,1.0,1.0,0.0,,FLC0310T9032A
2334,6,0.0,1.0,1.0,0.0,,FLC0H40S7602A
2335,6,1.0,0.0,0.0,0.0,brown,FLC0AR028921A
2336,6,1.0,1.0,0.0,0.0,,FLC0H9025631B
2337,6,0.0,1.0,0.0,0.0,,FLC0150S0142A
2338,6,0.0,1.0,0.0,0.0,,FLC0180T0952A
2339,4,0.0,0.0,1.0,0.0,,FLC0310V3382A
2340,6,1.0,1.0,1.0,0.0,,FLC0BA025011A
2341,5,1.0,0.0,1.0,0.0,,FLC0H40U6372A
2342,6,0.0,0.0,0.0,0.0,pink,FLC0H40T0772A
2343,6,0.0,0.0,1.0,1.0,,FLC0180U6602A
2344,5,0.0,1.0,1.0,0.0,,FLC0H40S7592A
2345,6,0.0,0.0,0.0,0.0,purple,FLC0H40T0782A
2346,6,0.0,0.0,0.0,0.0,pink,FLC0510T0802A
2347,3,1.0,1.0,1.0,0.0,,FLC0AI025371B
2348,0,1.0,0.0,1.0,0.0,pink,FLC0R9025031A
2349,5,0.0,0.0,1.0,0.0,pink,FLC0DY0T7822A
2350,0,0.0,0.0,0.0,0.0,,FLC0310T9042A
2351,6,0.0,1.0,0.0,0.0,,FLC0260U2622A
2352,5,0.0,0.0,0.0,0.0,pink,FLC0H40T0762A
2353,6,0.0,0.0,1.0,0.0,,FLC0H40U3342A
2354,5,1.0,0.0,0.0,0.0,,FLC0R70U3282A
2355,6,0.0,1.0,0.0,0.0,orange,FLC051017981A
2356,4,0.0,0.0,0.0,0.0,pink,FLC0510T0572A
2357,2,0.0,1.0,1.0,0.0,pink,FLC0AI024471A
2358,4,0.0,0.0,0.0,0.0,brown,FLC0510T7112A
2359,6,0.0,0.0,1.0,0.0,,FLC0H40U3332A
2360,2,0.0,1.0,0.0,1.0,,FLC0260U2552A
2361,1,1.0,0.0,1.0,0.0,,FLC0BA025051A
2362,4,0.0,1.0,0.0,0.0,,FLC0510T0792A
2363,2,1.0,1.0,1.0,0.0,orange,FLC0Z3022441A
2364,0,1.0,0.0,1.0,0.0,,FLC0Z3028911A
2365,6,0.0,0.0,1.0,1.0,,FLC0260V3482A
2366,0,0.0,0.0,1.0,0.0,pink,FLC0180U6582A
2367,0,0.0,0.0,1.0,0.0,pink,FLC0260U2592A
2368,1,1.0,1.0,0.0,0.0,,FLC0G2025001A
2369,3,0.0,0.0,0.0,0.0,purple,FLC0H40T0752A
2370,3,0.0,1.0,0.0,0.0,,FLC0180T0962A
2371,1,0.0,1.0,1.0,0.0,,FLC0B3024821B
2372,2,0.0,0.0,1.0,0.0,,FLC0180V3482A
2373,1,1.0,0.0,1.0,0.0,,FLC0Z3022431A
2374,6,1.0,1.0,1.0,0.0,,FGC026041122A
2375,6,1.0,1.0,0.0,0.0,,FGC0Y9039132A
2376,6,0.0,0.0,1.0,0.0,camel,FGC0Z7044742A
2377,6,1.0,1.0,1.0,0.0,,FGC0Z7041612A
2378,3,1.0,1.0,0.0,0.0,,FGC0Z7044752A
2379,2,1.0,1.0,1.0,1.0,,FGC0Y9040822A
2380,1,1.0,1.0,1.0,0.0,,FGC0Z7041642A
2381,5,0.0,1.0,0.0,0.0,,FGC0L4033001A
2382,3,0.0,1.0,1.0,0.0,,FGC026041142A
2383,4,1.0,0.0,1.0,0.0,,FGC0Y9039142A
2384,2,1.0,1.0,1.0,0.0,,FGC0Z7040072A
2385,1,0.0,1.0,0.0,1.0,,FGC0C8012921B
2386,2,1.0,1.0,1.0,0.0,,FGC0Y9041192A
2387,7,1.0,1.0,1.0,0.0,green,FGC0DN0AR892A
2388,7,0.0,1.0,1.0,0.0,orange,FGC0DY0AR872A
2389,6,1.0,1.0,0.0,0.0,,FGC0H40S9622A
2390,7,1.0,0.0,1.0,0.0,,FGC0DN0AR922A
2391,7,1.0,1.0,1.0,0.0,,FGC0DN0AR882A
2392,6,0.0,1.0,0.0,0.0,olive,FGC0H40S7552A
2393,6,1.0,0.0,1.0,0.0,,FGC0H40S9632A
2394,5,1.0,0.0,1.0,1.0,,FGC0Y9040932A
2395,6,1.0,1.0,0.0,0.0,,FGC0H40S7562A
2396,6,1.0,0.0,1.0,0.0,,FGC0H40S9642A
2397,6,0.0,1.0,0.0,0.0,brown,FGC0Z3024211C
2398,6,0.0,0.0,1.0,0.0,,FGC0510R2012A
2399,7,0.0,0.0,1.0,0.0,,FGC0DN0AR912A
2400,4,1.0,0.0,1.0,0.0,,FGC0510R2022A
2401,5,0.0,1.0,1.0,0.0,,FGC0BB033761A
2402,6,0.0,1.0,1.0,0.0,,FGC0H40S7542A
2403,6,1.0,0.0,1.0,0.0,,FGC0H40S7572A
2404,6,0.0,0.0,1.0,0.0,,FGC0510R2032A
2405,6,1.0,0.0,1.0,0.0,,FGC0EM0S0152A
2406,6,0.0,1.0,0.0,0.0,olive,FGC0H40T3262A
2407,6,1.0,0.0,1.0,0.0,,FGC0180T8762A
2408,6,1.0,0.0,1.0,0.0,,FGC0510R1992A
2409,6,0.0,1.0,1.0,0.0,,FGC0180T8752A
2410,5,0.0,0.0,1.0,0.0,,FGC0B3025091A
2411,4,1.0,1.0,1.0,0.0,,FGC051028671A
2412,5,0.0,1.0,0.0,0.0,,FGC0510S0112A
2413,6,0.0,1.0,0.0,0.0,,FGC0V2025091A
2414,5,0.0,0.0,0.0,0.0,,FGC0DY0S0072A
2415,6,0.0,0.0,1.0,0.0,,FGC0510R2062A
2416,6,0.0,1.0,0.0,0.0,,FGC0180V3512A
2417,0,0.0,1.0,0.0,0.0,camel,FGC0G2030171A
2418,2,1.0,0.0,1.0,0.0,,FGC0H40U8442A
2419,6,0.0,1.0,0.0,0.0,,FGC089024571A
2420,6,0.0,0.0,1.0,0.0,,FGC0H40U8012A
2421,6,0.0,0.0,0.0,0.0,,FGC0150S0032A
2422,3,1.0,1.0,1.0,0.0,,FGC0Z7041542A
2423,2,1.0,0.0,0.0,0.0,green,FGC028030281A
2424,0,1.0,1.0,1.0,0.0,,FGC031039112A
2425,3,0.0,1.0,1.0,0.0,,FGC0Z7041632A
2426,4,0.0,1.0,0.0,0.0,brown,FGC0150S0042A
2427,2,1.0,0.0,1.0,0.0,,FGC031039122A
2428,2,0.0,1.0,0.0,0.0,brown,FGC0L4037411A
2429,5,0.0,0.0,1.0,0.0,,FGC0H40U8002A
2430,5,1.0,0.0,0.0,0.0,brown,FGC0AR025091A
2431,1,0.0,1.0,0.0,0.0,brown,FGC051019771A
2432,5,1.0,0.0,0.0,0.0,,FGC0AJ024991A
2433,3,0.0,0.0,1.0,0.0,brown,FGC0510S0102A
2434,2,1.0,1.0,1.0,0.0,,FGC0H40U8422A
2435,3,0.0,0.0,1.0,0.0,,FGC0510R2002A
2436,1,1.0,1.0,1.0,0.0,,FGC0510T7812A
2437,4,0.0,1.0,0.0,0.0,,FGC0510T7052A
2438,3,0.0,0.0,1.0,0.0,,FGC0510R2042A
2439,5,1.0,0.0,1.0,0.0,,FGC0Y9039162A
2440,5,0.0,0.0,0.0,0.0,brown,FGC0AR025131A
2441,1,0.0,1.0,1.0,0.0,camel,FGC051019021A
2442,3,1.0,0.0,1.0,0.0,green,FGC0Y9040922A
2443,1,0.0,1.0,1.0,0.0,,FGC0Y9040392A
2444,4,0.0,0.0,1.0,0.0,,FGC0180T0592A
2445,1,0.0,1.0,0.0,0.0,camel,FGC0GF0R6821Z
2446,1,0.0,1.0,1.0,0.0,olive,FGC0Z7040132A
2447,0,1.0,1.0,1.0,0.0,,FGC0Y9040372A
2448,2,1.0,1.0,1.0,0.0,,FGC0Y9040762A
2449,3,1.0,1.0,0.0,0.0,,FGC0Y9040732A
2450,0,1.0,0.0,1.0,0.0,,FGC0Y9040752A
2451,3,1.0,1.0,1.0,1.0,,FGC0Y9040902A
2452,4,1.0,1.0,1.0,0.0,,FGC031039102A
2453,0,1.0,0.0,1.0,0.0,,FGC0Z7041592A
2454,2,0.0,1.0,0.0,0.0,,FGC0H40W7082A
2455,1,1.0,1.0,0.0,1.0,,FGC0DN032122A
2456,1,1.0,0.0,1.0,0.0,,FGC0Y9040772A
2457,3,1.0,1.0,0.0,0.0,,FGC0Z7040082A
2458,1,1.0,0.0,1.0,0.0,,FGC0Z7045232A
2459,0,1.0,0.0,0.0,0.0,green,FGC0H4020401A
2460,3,0.0,0.0,1.0,0.0,,FGC0C30V0672A
2461,0,0.0,1.0,1.0,0.0,,FGC0H40U8432A
2462,3,0.0,1.0,0.0,0.0,,FGC0510S0062A
2463,2,0.0,0.0,1.0,0.0,,FGC0260U3112A
2464,2,1.0,0.0,0.0,0.0,olive,FGC0Y9032762A
2465,1,1.0,1.0,1.0,1.0,olive,FGC0Y9032772A
2466,2,1.0,0.0,1.0,0.0,,FGC0Y9039172A
2467,0,0.0,1.0,1.0,0.0,olive,FGC0Z7039792A
2468,1,0.0,1.0,1.0,0.0,,FGC0Z7041622A
2469,2,1.0,0.0,0.0,0.0,khaki,FGC0260U2742A
2470,0,1.0,1.0,1.0,0.0,maroon,FGC0Y9032092A
2471,1,1.0,1.0,1.0,1.0,green,FGC0Y9040952A
2472,2,0.0,1.0,1.0,0.0,,FGC0DY0T7782A
2473,0,1.0,0.0,1.0,0.0,,FGC0510R2052A
2474,0,1.0,0.0,1.0,0.0,,FGC0Y9037612A
2475,0,0.0,1.0,1.0,0.0,,FGC0Z7041562A
2476,2,0.0,0.0,1.0,0.0,green,FGC0EM0S0162A
2477,0,0.0,0.0,1.0,0.0,,FGC0Z7040102A
2478,1,0.0,0.0,0.0,0.0,,FGC0150S0122A
2479,1,0.0,0.0,0.0,0.0,brown,FGC0DY0S0082A
2480,0,0.0,1.0,0.0,0.0,brown,FGC0L4033131A
2481,1,1.0,0.0,0.0,0.0,green,FGC0L4037301A
2482,0,1.0,1.0,0.0,0.0,,FGC0Y9032792A
2483,0,1.0,0.0,1.0,0.0,,FGC0Z7041652A
